StartField1, StartField2, StartField3, StartField4, TimeStamp, BlockIndex, TrialIndex, TrialInBlock, Instructional, 2D, Scene, Enclosure, PositionX, PositionY, PositionZ, RotationY, Collision, GoalX, GoalZ, LastX, LastZ, UpArrow, DownArrow, LeftArrow, RightArrow, Space
, , , , 11-10-2023 12:45:01.824 PM, 1, 1, 1, 1, 0, 0, 0, NA, NA, NA, NA, 0, 0, 0, 0, 0, 0, 0, 0, 0, 0
, , , , 11-10-2023 12:45:01.859 PM, 1, 1, 1, 1, 0, 0, 0, NA, NA, NA, NA, 0, 0, 0, 0, 0, 0, 0, 0, 0, 0
, , , , 11-10-2023 12:45:01.892 PM, 1, 1, 1, 1, 0, 0, 0, NA, NA, NA, NA, 0, 0, 0, 0, 0, 0, 0, 0, 0, 0
, , , , 11-10-2023 12:45:01.928 PM, 1, 1, 1, 1, 0, 0, 0, NA, NA, NA, NA, 0, 0, 0, 0, 0, 0, 0, 0, 0, 0
, , , , 11-10-2023 12:45:01.963 PM, 1, 1, 1, 1, 0, 0, 0, NA, NA, NA, NA, 0, 0, 0, 0, 0, 0, 0, 0, 0, 0
, , , , 11-10-2023 12:45:01.998 PM, 1, 1, 1, 1, 0, 0, 0, NA, NA, NA, NA, 0, 0, 0, 0, 0, 0, 0, 0, 0, 0
, , , , 11-10-2023 12:45:02.033 PM, 1, 1, 1, 1, 0, 0, 0, NA, NA, NA, NA, 0, 0, 0, 0, 0, 0, 0, 0, 0, 0
, , , , 11-10-2023 12:45:02.068 PM, 1, 1, 1, 1, 0, 0, 0, NA, NA, NA, NA, 0, 0, 0, 0, 0, 0, 0, 0, 0, 0
, , , , 11-10-2023 12:45:02.102 PM, 1, 1, 1, 1, 0, 0, 0, NA, NA, NA, NA, 0, 0, 0, 0, 0, 0, 0, 0, 0, 0
, , , , 11-10-2023 12:45:02.135 PM, 1, 1, 1, 1, 0, 0, 0, NA, NA, NA, NA, 0, 0, 0, 0, 0, 0, 0, 0, 0, 0
, , , , 11-10-2023 12:45:02.171 PM, 1, 1, 1, 1, 0, 0, 0, NA, NA, NA, NA, 0, 0, 0, 0, 0, 0, 0, 0, 0, 0
, , , , 11-10-2023 12:45:02.206 PM, 1, 1, 1, 1, 0, 0, 0, NA, NA, NA, NA, 0, 0, 0, 0, 0, 0, 0, 0, 0, 0
, , , , 11-10-2023 12:45:02.242 PM, 1, 1, 1, 1, 0, 0, 0, NA, NA, NA, NA, 0, 0, 0, 0, 0, 0, 0, 0, 0, 0
, , , , 11-10-2023 12:45:02.278 PM, 1, 1, 1, 1, 0, 0, 0, NA, NA, NA, NA, 0, 0, 0, 0, 0, 0, 0, 0, 0, 0
, , , , 11-10-2023 12:45:02.314 PM, 1, 1, 1, 1, 0, 0, 0, NA, NA, NA, NA, 0, 0, 0, 0, 0, 0, 0, 0, 0, 0
, , , , 11-10-2023 12:45:02.346 PM, 1, 1, 1, 1, 0, 0, 0, NA, NA, NA, NA, 0, 0, 0, 0, 0, 0, 0, 0, 0, 0
, , , , 11-10-2023 12:45:02.383 PM, 1, 1, 1, 1, 0, 0, 0, NA, NA, NA, NA, 0, 0, 0, 0, 0, 0, 0, 0, 0, 0
, , , , 11-10-2023 12:45:02.416 PM, 1, 1, 1, 1, 0, 0, 0, NA, NA, NA, NA, 0, 0, 0, 0, 0, 0, 0, 0, 0, 0
, , , , 11-10-2023 12:45:02.450 PM, 1, 1, 1, 1, 0, 0, 0, NA, NA, NA, NA, 0, 0, 0, 0, 0, 0, 0, 0, 0, 0
, , , , 11-10-2023 12:45:02.487 PM, 1, 1, 1, 1, 0, 0, 0, NA, NA, NA, NA, 0, 0, 0, 0, 0, 0, 0, 0, 0, 0
, , , , 11-10-2023 12:45:02.523 PM, 1, 1, 1, 1, 0, 0, 0, NA, NA, NA, NA, 0, 0, 0, 0, 0, 0, 0, 0, 0, 0
, , , , 11-10-2023 12:45:02.559 PM, 1, 1, 1, 1, 0, 0, 0, NA, NA, NA, NA, 0, 0, 0, 0, 0, 0, 0, 0, 0, 0
, , , , 11-10-2023 12:45:02.595 PM, 1, 1, 1, 1, 0, 0, 0, NA, NA, NA, NA, 0, 0, 0, 0, 0, 0, 0, 0, 0, 0
, , , , 11-10-2023 12:45:02.630 PM, 1, 1, 1, 1, 0, 0, 0, NA, NA, NA, NA, 0, 0, 0, 0, 0, 0, 0, 0, 0, 0
, , , , 11-10-2023 12:45:02.666 PM, 1, 1, 1, 1, 0, 0, 0, NA, NA, NA, NA, 0, 0, 0, 0, 0, 0, 0, 0, 0, 0
, , , , 11-10-2023 12:45:02.701 PM, 1, 1, 1, 1, 0, 0, 0, NA, NA, NA, NA, 0, 0, 0, 0, 0, 0, 0, 0, 0, 0
, , , , 11-10-2023 12:45:02.736 PM, 1, 1, 1, 1, 0, 0, 0, NA, NA, NA, NA, 0, 0, 0, 0, 0, 0, 0, 0, 0, 0
, , , , 11-10-2023 12:45:02.773 PM, 1, 1, 1, 1, 0, 0, 0, NA, NA, NA, NA, 0, 0, 0, 0, 0, 0, 0, 0, 0, 0
, , , , 11-10-2023 12:45:02.809 PM, 1, 1, 1, 1, 0, 0, 0, NA, NA, NA, NA, 0, 0, 0, 0, 0, 0, 0, 0, 0, 0
, , , , 11-10-2023 12:45:02.845 PM, 1, 1, 1, 1, 0, 0, 0, NA, NA, NA, NA, 0, 0, 0, 0, 0, 0, 0, 0, 0, 0
, , , , 11-10-2023 12:45:02.880 PM, 1, 1, 1, 1, 0, 0, 0, NA, NA, NA, NA, 0, 0, 0, 0, 0, 0, 0, 0, 0, 0
, , , , 11-10-2023 12:45:02.913 PM, 1, 1, 1, 1, 0, 0, 0, NA, NA, NA, NA, 0, 0, 0, 0, 0, 0, 0, 0, 0, 0
, , , , 11-10-2023 12:45:02.949 PM, 1, 1, 1, 1, 0, 0, 0, NA, NA, NA, NA, 0, 0, 0, 0, 0, 0, 0, 0, 0, 0
, , , , 11-10-2023 12:45:02.987 PM, 1, 1, 1, 1, 0, 0, 0, NA, NA, NA, NA, 0, 0, 0, 0, 0, 0, 0, 0, 0, 0
, , , , 11-10-2023 12:45:03.021 PM, 1, 1, 1, 1, 0, 0, 0, NA, NA, NA, NA, 0, 0, 0, 0, 0, 0, 0, 0, 0, 0
, , , , 11-10-2023 12:45:03.058 PM, 1, 1, 1, 1, 0, 0, 0, NA, NA, NA, NA, 0, 0, 0, 0, 0, 0, 0, 0, 0, 0
, , , , 11-10-2023 12:45:03.094 PM, 1, 1, 1, 1, 0, 0, 0, NA, NA, NA, NA, 0, 0, 0, 0, 0, 0, 0, 0, 0, 0
, , , , 11-10-2023 12:45:03.131 PM, 1, 1, 1, 1, 0, 0, 0, NA, NA, NA, NA, 0, 0, 0, 0, 0, 0, 0, 0, 0, 0
, , , , 11-10-2023 12:45:03.167 PM, 1, 1, 1, 1, 0, 0, 0, NA, NA, NA, NA, 0, 0, 0, 0, 0, 0, 0, 0, 0, 0
, , , , 11-10-2023 12:45:03.202 PM, 1, 1, 1, 1, 0, 0, 0, NA, NA, NA, NA, 0, 0, 0, 0, 0, 0, 0, 0, 0, 0
, , , , 11-10-2023 12:45:03.238 PM, 1, 1, 1, 1, 0, 0, 0, NA, NA, NA, NA, 0, 0, 0, 0, 0, 0, 0, 0, 0, 0
, , , , 11-10-2023 12:45:03.273 PM, 1, 1, 1, 1, 0, 0, 0, NA, NA, NA, NA, 0, 0, 0, 0, 0, 0, 0, 0, 0, 0
, , , , 11-10-2023 12:45:03.310 PM, 1, 1, 1, 1, 0, 0, 0, NA, NA, NA, NA, 0, 0, 0, 0, 0, 0, 0, 0, 0, 0
, , , , 11-10-2023 12:45:03.343 PM, 1, 1, 1, 1, 0, 0, 0, NA, NA, NA, NA, 0, 0, 0, 0, 0, 0, 0, 0, 0, 0
, , , , 11-10-2023 12:45:03.378 PM, 1, 1, 1, 1, 0, 0, 0, NA, NA, NA, NA, 0, 0, 0, 0, 0, 0, 0, 0, 0, 0
, , , , 11-10-2023 12:45:03.415 PM, 1, 1, 1, 1, 0, 0, 0, NA, NA, NA, NA, 0, 0, 0, 0, 0, 0, 0, 0, 0, 0
, , , , 11-10-2023 12:45:03.450 PM, 1, 1, 1, 1, 0, 0, 0, NA, NA, NA, NA, 0, 0, 0, 0, 0, 0, 0, 0, 0, 0
, , , , 11-10-2023 12:45:03.487 PM, 1, 1, 1, 1, 0, 0, 0, NA, NA, NA, NA, 0, 0, 0, 0, 0, 0, 0, 0, 0, 0
, , , , 11-10-2023 12:45:03.522 PM, 1, 1, 1, 1, 0, 0, 0, NA, NA, NA, NA, 0, 0, 0, 0, 0, 0, 0, 0, 0, 0
, , , , 11-10-2023 12:45:03.559 PM, 1, 1, 1, 1, 0, 0, 0, NA, NA, NA, NA, 0, 0, 0, 0, 0, 0, 0, 0, 0, 0
, , , , 11-10-2023 12:45:03.594 PM, 1, 1, 1, 1, 0, 0, 0, NA, NA, NA, NA, 0, 0, 0, 0, 0, 0, 0, 0, 0, 0
, , , , 11-10-2023 12:45:03.630 PM, 1, 1, 1, 1, 0, 0, 0, NA, NA, NA, NA, 0, 0, 0, 0, 0, 0, 0, 0, 0, 0
, , , , 11-10-2023 12:45:03.667 PM, 1, 1, 1, 1, 0, 0, 0, NA, NA, NA, NA, 0, 0, 0, 0, 0, 0, 0, 0, 0, 0
, , , , 11-10-2023 12:45:03.704 PM, 1, 1, 1, 1, 0, 0, 0, NA, NA, NA, NA, 0, 0, 0, 0, 0, 0, 0, 0, 0, 0
, , , , 11-10-2023 12:45:03.737 PM, 1, 1, 1, 1, 0, 0, 0, NA, NA, NA, NA, 0, 0, 0, 0, 0, 0, 0, 0, 0, 0
, , , , 11-10-2023 12:45:03.772 PM, 1, 1, 1, 1, 0, 0, 0, NA, NA, NA, NA, 0, 0, 0, 0, 0, 0, 0, 0, 0, 0
, , , , 11-10-2023 12:45:03.808 PM, 1, 1, 1, 1, 0, 0, 0, NA, NA, NA, NA, 0, 0, 0, 0, 0, 0, 0, 0, 0, 0
, , , , 11-10-2023 12:45:03.842 PM, 1, 1, 1, 1, 0, 0, 0, NA, NA, NA, NA, 0, 0, 0, 0, 0, 0, 0, 0, 0, 0
, , , , 11-10-2023 12:45:03.876 PM, 1, 1, 1, 1, 0, 0, 0, NA, NA, NA, NA, 0, 0, 0, 0, 0, 0, 0, 0, 0, 0
, , , , 11-10-2023 12:45:03.912 PM, 1, 1, 1, 1, 0, 0, 0, NA, NA, NA, NA, 0, 0, 0, 0, 0, 0, 0, 0, 0, 0
, , , , 11-10-2023 12:45:03.948 PM, 1, 1, 1, 1, 0, 0, 0, NA, NA, NA, NA, 0, 0, 0, 0, 0, 0, 0, 0, 0, 0
, , , , 11-10-2023 12:45:03.983 PM, 1, 1, 1, 1, 0, 0, 0, NA, NA, NA, NA, 0, 0, 0, 0, 0, 0, 0, 0, 0, 0
, , , , 11-10-2023 12:45:04.019 PM, 1, 1, 1, 1, 0, 0, 0, NA, NA, NA, NA, 0, 0, 0, 0, 0, 0, 0, 0, 0, 0
, , , , 11-10-2023 12:45:04.061 PM, 1, 1, 1, 1, 0, 0, 0, NA, NA, NA, NA, 0, 0, 0, 0, 0, 0, 0, 0, 0, 0
, , , , 11-10-2023 12:45:04.095 PM, 1, 1, 1, 1, 0, 0, 0, NA, NA, NA, NA, 0, 0, 0, 0, 0, 0, 0, 0, 0, 0
, , , , 11-10-2023 12:45:04.131 PM, 1, 1, 1, 1, 0, 0, 0, NA, NA, NA, NA, 0, 0, 0, 0, 0, 0, 0, 0, 0, 0
, , , , 11-10-2023 12:45:04.165 PM, 1, 1, 1, 1, 0, 0, 0, NA, NA, NA, NA, 0, 0, 0, 0, 0, 0, 0, 0, 0, 0
, , , , 11-10-2023 12:45:04.201 PM, 1, 1, 1, 1, 0, 0, 0, NA, NA, NA, NA, 0, 0, 0, 0, 0, 0, 0, 0, 0, 0
, , , , 11-10-2023 12:45:04.237 PM, 1, 1, 1, 1, 0, 0, 0, NA, NA, NA, NA, 0, 0, 0, 0, 0, 0, 0, 0, 0, 0
, , , , 11-10-2023 12:45:04.317 PM, 1, 1, 1, 1, 0, 0, 0, NA, NA, NA, NA, 0, 0, 0, 0, 0, 0, 0, 0, 0, 1
, , , , 11-10-2023 12:45:04.339 PM, 1, 2, 2, 0, 0, 2, 0, -0.96, 0.4, 0, 244.8527, 0, 0, 0, 0, 0, 0, 0, 0, 0, 0
, , , , 11-10-2023 12:45:04.407 PM, 1, 2, 2, 0, 0, 2, 0, 0, 0.5, -8, 243.8772, 0, -5.518, -10.473, 0, 0, 0, 0, 0, 0, 0
, , , , 11-10-2023 12:45:04.438 PM, 1, 2, 2, 0, 0, 2, 0, 0, 0.5, -8, 243.1789, 0, -5.518, -10.473, 0, 0, 0, 0, 0, 0, 0
, , , , 11-10-2023 12:45:04.473 PM, 1, 2, 2, 0, 0, 2, 0, 0, 0.5, -8, 242.3728, 0, -5.518, -10.473, 0, 0, 0, 0, 0, 0, 0
, , , , 11-10-2023 12:45:04.509 PM, 1, 2, 2, 0, 0, 2, 0, 0, 0.5, -8, 241.5834, 0, -5.518, -10.473, 0, 0, 0, 0, 0, 0, 0
, , , , 11-10-2023 12:45:04.544 PM, 1, 2, 2, 0, 0, 2, 0, 0, 0.5, -8, 240.7927, 0, -5.518, -10.473, 0, 0, 0, 0, 0, 0, 0
, , , , 11-10-2023 12:45:04.581 PM, 1, 2, 2, 0, 0, 2, 0, 0, 0.5, -8, 239.9553, 0, -5.518, -10.473, 0, 0, 0, 0, 0, 0, 0
, , , , 11-10-2023 12:45:04.615 PM, 1, 2, 2, 0, 0, 2, 0, 0, 0.5, -8, 239.1747, 0, -5.518, -10.473, 0, 0, 0, 0, 0, 0, 0
, , , , 11-10-2023 12:45:04.651 PM, 1, 2, 2, 0, 0, 2, 0, 0, 0.5, -8, 238.3662, 0, -5.518, -10.473, 0, 0, 0, 0, 0, 0, 0
, , , , 11-10-2023 12:45:04.688 PM, 1, 2, 2, 0, 0, 2, 0, 0, 0.5, -8, 237.5408, 0, -5.518, -10.473, 0, 0, 0, 0, 0, 0, 0
, , , , 11-10-2023 12:45:04.722 PM, 1, 2, 2, 0, 0, 2, 0, 0, 0.5, -8, 236.7823, 0, -5.518, -10.473, 0, 0, 0, 0, 0, 0, 0
, , , , 11-10-2023 12:45:04.755 PM, 1, 2, 2, 0, 0, 2, 0, 0, 0.5, -8, 236.0244, 0, -5.518, -10.473, 0, 0, 0, 0, 0, 0, 0
, , , , 11-10-2023 12:45:04.790 PM, 1, 2, 2, 0, 0, 2, 0, 0, 0.5, -8, 235.2572, 0, -5.518, -10.473, 0, 0, 0, 0, 0, 0, 0
, , , , 11-10-2023 12:45:04.831 PM, 1, 2, 2, 0, 0, 2, 0, 0, 0.5, -8, 234.3342, 0, -5.518, -10.473, 0, 0, 0, 0, 0, 0, 0
, , , , 11-10-2023 12:45:04.866 PM, 1, 2, 2, 0, 0, 2, 0, 0, 0.5, -8, 233.5469, 0, -5.518, -10.473, 0, 0, 0, 0, 0, 0, 0
, , , , 11-10-2023 12:45:04.900 PM, 1, 2, 2, 0, 0, 2, 0, 0, 0.5, -8, 232.7771, 0, -5.518, -10.473, 0, 0, 0, 0, 0, 0, 0
, , , , 11-10-2023 12:45:04.937 PM, 1, 2, 2, 0, 0, 2, 0, 0, 0.5, -8, 231.9334, 0, -5.518, -10.473, 0, 0, 0, 0, 0, 0, 0
, , , , 11-10-2023 12:45:04.971 PM, 1, 2, 2, 0, 0, 2, 0, 0, 0.5, -8, 231.1722, 0, -5.518, -10.473, 0, 0, 0, 0, 0, 0, 0
, , , , 11-10-2023 12:45:05.006 PM, 1, 2, 2, 0, 0, 2, 0, 0, 0.5, -8, 230.389, 0, -5.518, -10.473, 0, 0, 0, 0, 0, 0, 0
, , , , 11-10-2023 12:45:05.048 PM, 1, 2, 2, 0, 0, 2, 0, 0, 0.5, -8, 229.4323, 0, -5.518, -10.473, 0, 0, 0, 0, 0, 0, 0
, , , , 11-10-2023 12:45:05.082 PM, 1, 2, 2, 0, 0, 2, 0, 0, 0.5, -8, 228.6782, 0, -5.518, -10.473, 0, 0, 0, 0, 0, 0, 0
, , , , 11-10-2023 12:45:05.115 PM, 1, 2, 2, 0, 0, 2, 0, 0, 0.5, -8, 227.9296, 0, -5.518, -10.473, 0, 0, 0, 0, 0, 0, 0
, , , , 11-10-2023 12:45:05.154 PM, 1, 2, 2, 0, 0, 2, 0, 0, 0.5, -8, 227.0443, 0, -5.518, -10.473, 0, 0, 0, 0, 0, 0, 0
, , , , 11-10-2023 12:45:05.189 PM, 1, 2, 2, 0, 0, 2, 0, 0, 0.5, -8, 226.2699, 0, -5.518, -10.473, 0, 0, 0, 0, 0, 0, 0
, , , , 11-10-2023 12:45:05.222 PM, 1, 2, 2, 0, 0, 2, 0, 0, 0.5, -8, 225.5161, 0, -5.518, -10.473, 0, 0, 0, 0, 0, 0, 0
, , , , 11-10-2023 12:45:05.258 PM, 1, 2, 2, 0, 0, 2, 0, 0, 0.5, -8, 224.7033, 0, -5.518, -10.473, 0, 0, 0, 0, 0, 0, 0
, , , , 11-10-2023 12:45:05.292 PM, 1, 2, 2, 0, 0, 2, 0, 0, 0.5, -8, 223.9501, 0, -5.518, -10.473, 0, 0, 0, 0, 0, 0, 0
, , , , 11-10-2023 12:45:05.329 PM, 1, 2, 2, 0, 0, 2, 0, 0, 0.5, -8, 223.142, 0, -5.518, -10.473, 0, 0, 0, 0, 0, 0, 0
, , , , 11-10-2023 12:45:05.363 PM, 1, 2, 2, 0, 0, 2, 0, 0, 0.5, -8, 222.3549, 0, -5.518, -10.473, 0, 0, 0, 0, 0, 0, 0
, , , , 11-10-2023 12:45:05.403 PM, 1, 2, 2, 0, 0, 2, 0, 0, 0.5, -8, 221.4776, 0, -5.518, -10.473, 0, 0, 0, 0, 0, 0, 0
, , , , 11-10-2023 12:45:05.436 PM, 1, 2, 2, 0, 0, 2, 0, 0, 0.5, -8, 220.7276, 0, -5.518, -10.473, 0, 0, 0, 0, 0, 0, 0
, , , , 11-10-2023 12:45:05.471 PM, 1, 2, 2, 0, 0, 2, 0, 0, 0.5, -8, 219.9231, 0, -5.518, -10.473, 0, 0, 0, 0, 0, 0, 0
, , , , 11-10-2023 12:45:05.507 PM, 1, 2, 2, 0, 0, 2, 0, 0, 0.5, -8, 219.1162, 0, -5.518, -10.473, 0, 0, 0, 0, 0, 0, 0
, , , , 11-10-2023 12:45:05.540 PM, 1, 2, 2, 0, 0, 2, 0, 0, 0.5, -8, 218.3654, 0, -5.518, -10.473, 0, 0, 0, 0, 0, 0, 0
, , , , 11-10-2023 12:45:05.576 PM, 1, 2, 2, 0, 0, 2, 0, 0, 0.5, -8, 217.5685, 0, -5.518, -10.473, 0, 0, 0, 0, 0, 0, 0
, , , , 11-10-2023 12:45:05.613 PM, 1, 2, 2, 0, 0, 2, 0, 0, 0.5, -8, 216.7409, 0, -5.518, -10.473, 0, 0, 0, 0, 0, 0, 0
, , , , 11-10-2023 12:45:05.646 PM, 1, 2, 2, 0, 0, 2, 0, 0, 0.5, -8, 215.9845, 0, -5.518, -10.473, 0, 0, 0, 0, 0, 0, 0
, , , , 11-10-2023 12:45:05.680 PM, 1, 2, 2, 0, 0, 2, 0, 0, 0.5, -8, 215.2291, 0, -5.518, -10.473, 0, 0, 0, 0, 0, 0, 0
, , , , 11-10-2023 12:45:05.713 PM, 1, 2, 2, 0, 0, 2, 0, 0, 0.5, -8, 214.4702, 0, -5.518, -10.473, 0, 0, 0, 0, 0, 0, 0
, , , , 11-10-2023 12:45:05.747 PM, 1, 2, 2, 0, 0, 2, 0, 0, 0.5, -8, 213.705, 0, -5.518, -10.473, 0, 0, 0, 0, 0, 0, 0
, , , , 11-10-2023 12:45:05.785 PM, 1, 2, 2, 0, 0, 2, 0, 0, 0.5, -8, 212.8597, 0, -5.518, -10.473, 0, 0, 0, 0, 0, 0, 0
, , , , 11-10-2023 12:45:05.819 PM, 1, 2, 2, 0, 0, 2, 0, 0, 0.5, -8, 212.0952, 0, -5.518, -10.473, 0, 0, 0, 0, 0, 0, 0
, , , , 11-10-2023 12:45:05.852 PM, 1, 2, 2, 0, 0, 2, 0, 0, 0.5, -8, 211.3356, 0, -5.518, -10.473, 0, 0, 0, 0, 0, 0, 0
, , , , 11-10-2023 12:45:05.889 PM, 1, 2, 2, 0, 0, 2, 0, 0, 0.5, -8, 210.5096, 0, -5.518, -10.473, 0, 0, 0, 0, 0, 0, 0
, , , , 11-10-2023 12:45:05.930 PM, 1, 2, 2, 0, 0, 2, 0, 0, 0.5, -8, 209.6044, 0, -5.518, -10.473, 0, 0, 0, 0, 0, 0, 0
, , , , 11-10-2023 12:45:05.969 PM, 1, 2, 2, 0, 0, 2, 0, 0, 0.5, -8, 208.7261, 0, -5.518, -10.473, 0, 0, 0, 0, 0, 0, 0
, , , , 11-10-2023 12:45:06.002 PM, 1, 2, 2, 0, 0, 2, 0, 0, 0.5, -8, 207.9963, 0, -5.518, -10.473, 0, 0, 0, 0, 0, 0, 0
, , , , 11-10-2023 12:45:06.043 PM, 1, 2, 2, 0, 0, 2, 0, 0, 0.5, -8, 207.0601, 0, -5.518, -10.473, 0, 0, 0, 0, 0, 0, 0
, , , , 11-10-2023 12:45:06.078 PM, 1, 2, 2, 0, 0, 2, 0, 0, 0.5, -8, 206.2571, 0, -5.518, -10.473, 0, 0, 0, 0, 0, 0, 0
, , , , 11-10-2023 12:45:06.112 PM, 1, 2, 2, 0, 0, 2, 0, 0, 0.5, -8, 205.4984, 0, -5.518, -10.473, 0, 0, 0, 0, 0, 0, 0
, , , , 11-10-2023 12:45:06.150 PM, 1, 2, 2, 0, 0, 2, 0, 0, 0.5, -8, 204.6381, 0, -5.518, -10.473, 0, 0, 0, 0, 0, 0, 0
, , , , 11-10-2023 12:45:06.184 PM, 1, 2, 2, 0, 0, 2, 0, 0, 0.5, -8, 203.8758, 0, -5.518, -10.473, 0, 0, 0, 0, 0, 0, 0
, , , , 11-10-2023 12:45:06.222 PM, 1, 2, 2, 0, 0, 2, 0, 0, 0.5, -8, 203.0424, 0, -5.518, -10.473, 0, 0, 0, 0, 0, 0, 0
, , , , 11-10-2023 12:45:06.260 PM, 1, 2, 2, 0, 0, 2, 0, 0, 0.5, -8, 202.1892, 0, -5.518, -10.473, 0, 0, 0, 0, 0, 0, 0
, , , , 11-10-2023 12:45:06.294 PM, 1, 2, 2, 0, 0, 2, 0, 0, 0.5, -8, 201.4154, 0, -5.518, -10.473, 0, 0, 0, 0, 0, 0, 0
, , , , 11-10-2023 12:45:06.330 PM, 1, 2, 2, 0, 0, 2, 0, 0, 0.5, -8, 200.608, 0, -5.518, -10.473, 0, 0, 0, 0, 0, 0, 0
, , , , 11-10-2023 12:45:06.368 PM, 1, 2, 2, 0, 0, 2, 0, 0, 0.5, -8, 199.7567, 0, -5.518, -10.473, 0, 0, 0, 0, 0, 0, 0
, , , , 11-10-2023 12:45:06.405 PM, 1, 2, 2, 0, 0, 2, 0, 0, 0.5, -8, 198.9152, 0, -5.518, -10.473, 0, 0, 0, 0, 0, 0, 0
, , , , 11-10-2023 12:45:06.443 PM, 1, 2, 2, 0, 0, 2, 0, 0, 0.5, -8, 198.0706, 0, -5.518, -10.473, 0, 0, 0, 0, 0, 0, 0
, , , , 11-10-2023 12:45:06.473 PM, 1, 2, 2, 0, 0, 2, 0, 0, 0.5, -8, 197.3916, 0, -5.518, -10.473, 0, 0, 0, 0, 0, 0, 0
, , , , 11-10-2023 12:45:06.508 PM, 1, 2, 2, 0, 0, 2, 0, 0, 0.5, -8, 196.5952, 0, -5.518, -10.473, 0, 0, 0, 0, 0, 0, 0
, , , , 11-10-2023 12:45:06.549 PM, 1, 2, 2, 0, 0, 2, 0, 0, 0.5, -8, 195.6817, 0, -5.518, -10.473, 0, 0, 0, 0, 0, 0, 0
, , , , 11-10-2023 12:45:06.583 PM, 1, 2, 2, 0, 0, 2, 0, 0, 0.5, -8, 194.9127, 0, -5.518, -10.473, 0, 0, 0, 0, 0, 0, 0
, , , , 11-10-2023 12:45:06.617 PM, 1, 2, 2, 0, 0, 2, 0, 0, 0.5, -8, 194.1376, 0, -5.518, -10.473, 0, 0, 0, 0, 0, 0, 0
, , , , 11-10-2023 12:45:06.659 PM, 1, 2, 2, 0, 0, 2, 0, 0, 0.5, -8, 193.2046, 0, -5.518, -10.473, 0, 0, 0, 0, 0, 0, 0
, , , , 11-10-2023 12:45:06.694 PM, 1, 2, 2, 0, 0, 2, 0, 0, 0.5, -8, 192.4087, 0, -5.518, -10.473, 0, 0, 0, 0, 0, 0, 0
, , , , 11-10-2023 12:45:06.727 PM, 1, 2, 2, 0, 0, 2, 0, 0, 0.5, -8, 191.6651, 0, -5.518, -10.473, 0, 0, 0, 0, 0, 0, 0
, , , , 11-10-2023 12:45:06.764 PM, 1, 2, 2, 0, 0, 2, 0, 0, 0.5, -8, 190.8483, 0, -5.518, -10.473, 0, 0, 0, 0, 0, 0, 0
, , , , 11-10-2023 12:45:06.802 PM, 1, 2, 2, 0, 0, 2, 0, 0, 0.5, -8, 189.9818, 0, -5.518, -10.473, 0, 0, 0, 0, 0, 0, 0
, , , , 11-10-2023 12:45:06.836 PM, 1, 2, 2, 0, 0, 2, 0, 0, 0.5, -8, 189.2155, 0, -5.518, -10.473, 0, 0, 0, 0, 0, 0, 0
, , , , 11-10-2023 12:45:06.870 PM, 1, 2, 2, 0, 0, 2, 0, 0, 0.5, -8, 188.4624, 0, -5.518, -10.473, 0, 0, 0, 0, 0, 0, 0
, , , , 11-10-2023 12:45:06.909 PM, 1, 2, 2, 0, 0, 2, 0, 0, 0.5, -8, 187.572, 0, -5.518, -10.473, 0, 0, 0, 0, 0, 0, 0
, , , , 11-10-2023 12:45:06.946 PM, 1, 2, 2, 0, 0, 2, 0, 0, 0.5, -8, 186.7397, 0, -5.518, -10.473, 0, 0, 0, 0, 0, 0, 0
, , , , 11-10-2023 12:45:06.981 PM, 1, 2, 2, 0, 0, 2, 0, 0, 0.5, -8, 185.9578, 0, -5.518, -10.473, 0, 0, 0, 0, 0, 0, 0
, , , , 11-10-2023 12:45:07.023 PM, 1, 2, 2, 0, 0, 2, 0, 0, 0.5, -8, 185.0076, 0, -5.518, -10.473, 0, 0, 0, 0, 0, 0, 0
, , , , 11-10-2023 12:45:07.060 PM, 1, 2, 2, 0, 0, 2, 0, 0, 0.5, -8, 184.1806, 0, -5.518, -10.473, 0, 0, 0, 0, 0, 0, 0
, , , , 11-10-2023 12:45:07.097 PM, 1, 2, 2, 0, 0, 2, 0, 0, 0.5, -8, 183.3362, 0, -5.518, -10.473, 0, 0, 0, 0, 0, 0, 0
, , , , 11-10-2023 12:45:07.132 PM, 1, 2, 2, 0, 0, 2, 0, 0, 0.5, -8, 182.5557, 0, -5.518, -10.473, 0, 0, 0, 0, 0, 0, 0
, , , , 11-10-2023 12:45:07.165 PM, 1, 2, 2, 0, 0, 2, 0, 0, 0.5, -8, 181.8289, 0, -5.518, -10.473, 0, 0, 0, 0, 0, 0, 0
, , , , 11-10-2023 12:45:07.207 PM, 1, 2, 2, 0, 0, 2, 0, 0, 0.5, -8, 180.8799, 0, -5.518, -10.473, 0, 0, 0, 0, 0, 0, 0
, , , , 11-10-2023 12:45:07.241 PM, 1, 2, 2, 0, 0, 2, 0, 0, 0.5, -8, 180.1185, 0, -5.518, -10.473, 0, 0, 0, 0, 0, 0, 0
, , , , 11-10-2023 12:45:07.276 PM, 1, 2, 2, 0, 0, 2, 0, 0, 0.5, -8, 179.312, 0, -5.518, -10.473, 0, 0, 0, 0, 0, 0, 0
, , , , 11-10-2023 12:45:07.311 PM, 1, 2, 2, 0, 0, 2, 0, 0, 0.5, -8, 178.5324, 0, -5.518, -10.473, 0, 0, 0, 0, 0, 0, 0
, , , , 11-10-2023 12:45:07.353 PM, 1, 2, 2, 0, 0, 2, 0, 0, 0.5, -8, 177.5715, 0, -5.518, -10.473, 0, 0, 0, 0, 0, 0, 0
, , , , 11-10-2023 12:45:07.392 PM, 1, 2, 2, 0, 0, 2, 0, 0, 0.5, -8, 176.6944, 0, -5.518, -10.473, 0, 0, 0, 0, 0, 0, 0
, , , , 11-10-2023 12:45:07.426 PM, 1, 2, 2, 0, 0, 2, 0, 0, 0.5, -8, 175.9531, 0, -5.518, -10.473, 0, 0, 0, 0, 0, 0, 0
, , , , 11-10-2023 12:45:07.464 PM, 1, 2, 2, 0, 0, 2, 0, 0, 0.5, -8, 175.0881, 0, -5.518, -10.473, 0, 0, 0, 0, 0, 0, 0
, , , , 11-10-2023 12:45:07.495 PM, 1, 2, 2, 0, 0, 2, 0, 0, 0.5, -8, 174.3824, 0, -5.518, -10.473, 0, 0, 0, 0, 0, 0, 0
, , , , 11-10-2023 12:45:07.536 PM, 1, 2, 2, 0, 0, 2, 0, 0, 0.5, -8, 173.5879, 0, -5.518, -10.473, 0, 0, 0, 0, 0, 0, 0
, , , , 11-10-2023 12:45:07.565 PM, 1, 2, 2, 0, 0, 2, 0, 0, 0.5, -8, 172.811, 0, -5.518, -10.473, 0, 0, 0, 0, 0, 0, 0
, , , , 11-10-2023 12:45:07.599 PM, 1, 2, 2, 0, 0, 2, 0, 0, 0.5, -8, 172.0529, 0, -5.518, -10.473, 0, 0, 0, 0, 0, 0, 0
, , , , 11-10-2023 12:45:07.633 PM, 1, 2, 2, 0, 0, 2, 0, 0, 0.5, -8, 171.3018, 0, -5.518, -10.473, 0, 0, 0, 0, 0, 0, 0
, , , , 11-10-2023 12:45:07.667 PM, 1, 2, 2, 0, 0, 2, 0, 0, 0.5, -8, 170.5276, 0, -5.518, -10.473, 0, 0, 0, 0, 0, 0, 0
, , , , 11-10-2023 12:45:07.700 PM, 1, 2, 2, 0, 0, 2, 0, 0, 0.5, -8, 169.7925, 0, -5.518, -10.473, 0, 0, 0, 0, 0, 0, 0
, , , , 11-10-2023 12:45:07.737 PM, 1, 2, 2, 0, 0, 2, 0, 0, 0.5, -8, 168.9496, 0, -5.518, -10.473, 0, 0, 0, 0, 0, 0, 0
, , , , 11-10-2023 12:45:07.773 PM, 1, 2, 2, 0, 0, 2, 0, 0, 0.5, -8, 168.5516, 0, -5.518, -10.473, 0, 0, 0, 0, 0, 0, 0
, , , , 11-10-2023 12:45:07.812 PM, 1, 2, 2, 0, 0, 2, 0, 0, 0.5, -8, 169.4137, 0, -5.518, -10.473, 0, 0, 0, 0, 0, 0, 0
, , , , 11-10-2023 12:45:07.849 PM, 1, 2, 2, 0, 0, 2, 0, 0, 0.5, -8, 170.2369, 0, -5.518, -10.473, 0, 0, 0, 0, 0, 0, 0
, , , , 11-10-2023 12:45:07.881 PM, 1, 2, 2, 0, 0, 2, 0, 0, 0.5, -8, 170.9664, 0, -5.518, -10.473, 0, 0, 0, 0, 0, 0, 0
, , , , 11-10-2023 12:45:07.919 PM, 1, 2, 2, 0, 0, 2, 0, 0, 0.5, -8, 171.8242, 0, -5.518, -10.473, 0, 0, 0, 0, 0, 0, 0
, , , , 11-10-2023 12:45:07.957 PM, 1, 2, 2, 0, 0, 2, 0, 0, 0.5, -8, 172.6728, 0, -5.518, -10.473, 0, 0, 0, 0, 0, 0, 0
, , , , 11-10-2023 12:45:07.990 PM, 1, 2, 2, 0, 0, 2, 0, 0, 0.5, -8, 173.4274, 0, -5.518, -10.473, 0, 0, 0, 0, 0, 0, 0
, , , , 11-10-2023 12:45:08.025 PM, 1, 2, 2, 0, 0, 2, 0, 0, 0.5, -8, 174.2047, 0, -5.518, -10.473, 0, 0, 0, 0, 0, 0, 0
, , , , 11-10-2023 12:45:08.068 PM, 1, 2, 2, 0, 0, 2, 0, 0, 0.5, -8, 175.1826, 0, -5.518, -10.473, 0, 0, 0, 0, 0, 0, 0
, , , , 11-10-2023 12:45:08.103 PM, 1, 2, 2, 0, 0, 2, 0, 0, 0.5, -8, 175.9673, 0, -5.518, -10.473, 0, 0, 0, 0, 0, 0, 0
, , , , 11-10-2023 12:45:08.139 PM, 1, 2, 2, 0, 0, 2, 0, 0, 0.5, -8, 176.7793, 0, -5.518, -10.473, 0, 0, 0, 0, 0, 0, 0
, , , , 11-10-2023 12:45:08.178 PM, 1, 2, 2, 0, 0, 2, 0, 0, 0.5, -8, 177.6343, 0, -5.518, -10.473, 0, 0, 0, 0, 0, 0, 0
, , , , 11-10-2023 12:45:08.214 PM, 1, 2, 2, 0, 0, 2, 0, 0, 0.5, -8, 178.4592, 0, -5.518, -10.473, 0, 0, 0, 0, 0, 0, 0
, , , , 11-10-2023 12:45:08.246 PM, 1, 2, 2, 0, 0, 2, 0, 0, 0.5, -8, 179.1768, 0, -5.518, -10.473, 0, 0, 0, 0, 0, 0, 0
, , , , 11-10-2023 12:45:08.287 PM, 1, 2, 2, 0, 0, 2, 0, 0, 0.5, -8, 180.1017, 0, -5.518, -10.473, 0, 0, 0, 0, 0, 0, 0
, , , , 11-10-2023 12:45:08.321 PM, 1, 2, 2, 0, 0, 2, 0, 0, 0.5, -8, 180.8692, 0, -5.518, -10.473, 0, 0, 0, 0, 0, 0, 0
, , , , 11-10-2023 12:45:08.359 PM, 1, 2, 2, 0, 0, 2, 0, 0, 0.5, -8, 181.7237, 0, -5.518, -10.473, 0, 0, 0, 0, 0, 0, 0
, , , , 11-10-2023 12:45:08.396 PM, 1, 2, 2, 0, 0, 2, 0, 0, 0.5, -8, 182.5624, 0, -5.518, -10.473, 0, 0, 0, 0, 0, 0, 0
, , , , 11-10-2023 12:45:08.428 PM, 1, 2, 2, 0, 0, 2, 0, 0, 0.5, -8, 183.2888, 0, -5.518, -10.473, 0, 0, 0, 0, 0, 0, 0
, , , , 11-10-2023 12:45:08.468 PM, 1, 2, 2, 0, 0, 2, 0, 0, 0.5, -8, 184.1892, 0, -5.518, -10.473, 0, 0, 0, 0, 0, 0, 0
, , , , 11-10-2023 12:45:08.505 PM, 1, 2, 2, 0, 0, 2, 0, 0, 0.5, -8, 185.0216, 0, -5.518, -10.473, 0, 0, 0, 0, 0, 0, 0
, , , , 11-10-2023 12:45:08.541 PM, 1, 2, 2, 0, 0, 2, 0, 0, 0.5, -8, 185.81, 0, -5.518, -10.473, 0, 0, 0, 0, 0, 0, 0
, , , , 11-10-2023 12:45:08.577 PM, 1, 2, 2, 0, 0, 2, 0, 0, 0.5, -8, 186.6222, 0, -5.518, -10.473, 0, 0, 0, 0, 0, 0, 0
, , , , 11-10-2023 12:45:08.614 PM, 1, 2, 2, 0, 0, 2, 0, 0, 0.5, -8, 187.4562, 0, -5.518, -10.473, 0, 0, 0, 0, 0, 0, 0
, , , , 11-10-2023 12:45:08.648 PM, 1, 2, 2, 0, 0, 2, 0, 0, 0.5, -8, 188.2216, 0, -5.518, -10.473, 0, 0, 0, 0, 0, 0, 0
, , , , 11-10-2023 12:45:08.685 PM, 1, 2, 2, 0, 0, 2, 0, 0, 0.5, -8, 189.0543, 0, -5.518, -10.473, 0, 0, 0, 0, 0, 0, 0
, , , , 11-10-2023 12:45:08.719 PM, 1, 2, 2, 0, 0, 2, 0, 0, 0.5, -8, 189.8195, 0, -5.518, -10.473, 0, 0, 0, 0, 0, 0, 0
, , , , 11-10-2023 12:45:08.753 PM, 1, 2, 2, 0, 0, 2, 0, 0, 0.5, -8, 190.582, 0, -5.518, -10.473, 0, 0, 0, 0, 0, 0, 0
, , , , 11-10-2023 12:45:08.787 PM, 1, 2, 2, 0, 0, 2, 0, 0, 0.5, -8, 191.3515, 0, -5.518, -10.473, 0, 0, 0, 0, 0, 0, 0
, , , , 11-10-2023 12:45:08.822 PM, 1, 2, 2, 0, 0, 2, 0, 0, 0.5, -8, 192.1166, 0, -5.518, -10.473, 0, 0, 0, 0, 0, 0, 0
, , , , 11-10-2023 12:45:08.854 PM, 1, 2, 2, 0, 0, 2, 0, 0, 0.5, -8, 192.8626, 0, -5.518, -10.473, 0, 0, 0, 0, 0, 0, 0
, , , , 11-10-2023 12:45:08.889 PM, 1, 2, 2, 0, 0, 2, 0, 0, 0.5, -8, 193.6551, 0, -5.518, -10.473, 0, 0, 0, 0, 0, 0, 0
, , , , 11-10-2023 12:45:08.931 PM, 1, 2, 2, 0, 0, 2, 0, 0, 0.5, -8, 194.6195, 0, -5.518, -10.473, 0, 0, 0, 0, 0, 0, 0
, , , , 11-10-2023 12:45:08.964 PM, 1, 2, 2, 0, 0, 2, 0, 0, 0.5, -8, 195.3316, 0, -5.518, -10.473, 0, 0, 0, 0, 0, 0, 0
, , , , 11-10-2023 12:45:08.998 PM, 1, 2, 2, 0, 0, 2, 0, 0, 0.5, -8, 196.0889, 0, -5.518, -10.473, 0, 0, 0, 0, 0, 0, 0
, , , , 11-10-2023 12:45:09.033 PM, 1, 2, 2, 0, 0, 2, 0, 0, 0.5, -8, 196.8997, 0, -5.518, -10.473, 0, 0, 0, 0, 0, 0, 0
, , , , 11-10-2023 12:45:09.068 PM, 1, 2, 2, 0, 0, 2, 0, 0, 0.5, -8, 197.6703, 0, -5.518, -10.473, 0, 0, 0, 0, 0, 0, 0
, , , , 11-10-2023 12:45:09.106 PM, 1, 2, 2, 0, 0, 2, 0, 0, 0.5, -8, 198.5077, 0, -5.518, -10.473, 0, 0, 0, 0, 0, 0, 0
, , , , 11-10-2023 12:45:09.146 PM, 1, 2, 2, 0, 0, 2, 0, 0, 0.5, -8, 199.431, 0, -5.518, -10.473, 0, 0, 0, 0, 0, 0, 0
, , , , 11-10-2023 12:45:09.181 PM, 1, 2, 2, 0, 0, 2, 0, 0, 0.5, -8, 200.215, 0, -5.518, -10.473, 0, 0, 0, 0, 0, 0, 0
, , , , 11-10-2023 12:45:09.218 PM, 1, 2, 2, 0, 0, 2, 0, 0, 0.5, -8, 201.0526, 0, -5.518, -10.473, 0, 0, 0, 0, 0, 0, 0
, , , , 11-10-2023 12:45:09.253 PM, 1, 2, 2, 0, 0, 2, 0, 0, 0.5, -8, 201.8199, 0, -5.518, -10.473, 0, 0, 0, 0, 0, 0, 0
, , , , 11-10-2023 12:45:09.290 PM, 1, 2, 2, 0, 0, 2, 0, 0, 0.5, -8, 202.6696, 0, -5.518, -10.473, 0, 0, 0, 0, 0, 0, 0
, , , , 11-10-2023 12:45:09.324 PM, 1, 2, 2, 0, 0, 2, 0, 0, 0.5, -8, 203.4144, 0, -5.518, -10.473, 0, 0, 0, 0, 0, 0, 0
, , , , 11-10-2023 12:45:09.357 PM, 1, 2, 2, 0, 0, 2, 0, 0, 0.5, -8, 204.1817, 0, -5.518, -10.473, 0, 0, 0, 0, 0, 0, 0
, , , , 11-10-2023 12:45:09.393 PM, 1, 2, 2, 0, 0, 2, 0, 0, 0.5, -8, 204.9706, 0, -5.518, -10.473, 0, 0, 0, 0, 0, 0, 0
, , , , 11-10-2023 12:45:09.426 PM, 1, 2, 2, 0, 0, 2, 0, 0, 0.5, -8, 205.7318, 0, -5.518, -10.473, 0, 0, 0, 0, 0, 0, 0
, , , , 11-10-2023 12:45:09.466 PM, 1, 2, 2, 0, 0, 2, 0, 0, 0.5, -8, 206.6376, 0, -5.518, -10.473, 0, 0, 0, 0, 0, 0, 0
, , , , 11-10-2023 12:45:09.497 PM, 1, 2, 2, 0, 0, 2, 0, 0, 0.5, -8, 207.3364, 0, -5.518, -10.473, 0, 0, 0, 0, 0, 0, 0
, , , , 11-10-2023 12:45:09.532 PM, 1, 2, 2, 0, 0, 2, 0, 0, 0.5, -8, 208.1053, 0, -5.518, -10.473, 0, 0, 0, 0, 0, 0, 0
, , , , 11-10-2023 12:45:09.570 PM, 1, 2, 2, 0, 0, 2, 0, 0, 0.5, -8, 208.9807, 0, -5.518, -10.473, 0, 0, 0, 0, 0, 0, 0
, , , , 11-10-2023 12:45:09.612 PM, 1, 2, 2, 0, 0, 2, 0, 0, 0.5, -8, 209.92, 0, -5.518, -10.473, 0, 0, 0, 0, 0, 0, 0
, , , , 11-10-2023 12:45:09.649 PM, 1, 2, 2, 0, 0, 2, 0, 0, 0.5, -8, 210.7627, 0, -5.518, -10.473, 0, 0, 0, 0, 0, 0, 0
, , , , 11-10-2023 12:45:09.685 PM, 1, 2, 2, 0, 0, 2, 0, 0, 0.5, -8, 211.5595, 0, -5.518, -10.473, 0, 0, 0, 0, 0, 0, 0
, , , , 11-10-2023 12:45:09.723 PM, 1, 2, 2, 0, 0, 2, 0, 0, 0.5, -8, 212.4148, 0, -5.518, -10.473, 0, 0, 0, 0, 0, 0, 0
, , , , 11-10-2023 12:45:09.760 PM, 1, 2, 2, 0, 0, 2, 0, 0, 0.5, -8, 213.2484, 0, -5.518, -10.473, 0, 0, 0, 0, 0, 0, 0
, , , , 11-10-2023 12:45:09.798 PM, 1, 2, 2, 0, 0, 2, 0, 0, 0.5, -8, 214.1012, 0, -5.518, -10.473, 0, 0, 0, 0, 0, 0, 0
, , , , 11-10-2023 12:45:09.836 PM, 1, 2, 2, 0, 0, 2, 0, 0, 0.5, -8, 214.9597, 0, -5.518, -10.473, 0, 0, 0, 0, 0, 0, 0
, , , , 11-10-2023 12:45:09.873 PM, 1, 2, 2, 0, 0, 2, 0, 0, 0.5, -8, 215.7855, 0, -5.518, -10.473, 0, 0, 0, 0, 0, 0, 0
, , , , 11-10-2023 12:45:09.907 PM, 1, 2, 2, 0, 0, 2, 0, 0, 0.5, -8, 216.5524, 0, -5.518, -10.473, 0, 0, 0, 0, 0, 0, 0
, , , , 11-10-2023 12:45:09.938 PM, 1, 2, 2, 0, 0, 2, 0, 0, 0.5, -8, 217.2569, 0, -5.518, -10.473, 0, 0, 0, 0, 0, 0, 0
, , , , 11-10-2023 12:45:09.972 PM, 1, 2, 2, 0, 0, 2, 0, 0, 0.5, -8, 218.0136, 0, -5.518, -10.473, 0, 0, 0, 0, 0, 0, 0
, , , , 11-10-2023 12:45:10.010 PM, 1, 2, 2, 0, 0, 2, 0, 0, 0.5, -8, 218.879, 0, -5.518, -10.473, 0, 0, 0, 0, 0, 0, 0
, , , , 11-10-2023 12:45:10.049 PM, 1, 2, 2, 0, 0, 2, 0, 0, 0.5, -8, 219.7432, 0, -5.518, -10.473, 0, 0, 0, 0, 0, 0, 0
, , , , 11-10-2023 12:45:10.085 PM, 1, 2, 2, 0, 0, 2, 0, 0, 0.5, -8, 220.5677, 0, -5.518, -10.473, 0, 0, 0, 0, 0, 0, 0
, , , , 11-10-2023 12:45:10.122 PM, 1, 2, 2, 0, 0, 2, 0, 0, 0.5, -8, 221.3847, 0, -5.518, -10.473, 0, 0, 0, 0, 0, 0, 0
, , , , 11-10-2023 12:45:10.157 PM, 1, 2, 2, 0, 0, 2, 0, 0, 0.5, -8, 222.1634, 0, -5.518, -10.473, 0, 0, 0, 0, 0, 0, 0
, , , , 11-10-2023 12:45:10.193 PM, 1, 2, 2, 0, 0, 2, 0, 0, 0.5, -8, 223.0109, 0, -5.518, -10.473, 0, 0, 0, 0, 0, 0, 0
, , , , 11-10-2023 12:45:10.236 PM, 1, 2, 2, 0, 0, 2, 0, 0, 0.5, -8, 223.9763, 0, -5.518, -10.473, 0, 0, 0, 0, 0, 0, 0
, , , , 11-10-2023 12:45:10.276 PM, 1, 2, 2, 0, 0, 2, 0, 0, 0.5, -8, 224.8755, 0, -5.518, -10.473, 0, 0, 0, 0, 0, 0, 0
, , , , 11-10-2023 12:45:10.307 PM, 1, 2, 2, 0, 0, 2, 0, 0, 0.5, -8, 225.5521, 0, -5.518, -10.473, 0, 0, 0, 0, 0, 0, 0
, , , , 11-10-2023 12:45:10.341 PM, 1, 2, 2, 0, 0, 2, 0, 0, 0.5, -8, 226.3309, 0, -5.518, -10.473, 0, 0, 0, 0, 0, 0, 0
, , , , 11-10-2023 12:45:10.375 PM, 1, 2, 2, 0, 0, 2, 0, 0, 0.5, -8, 227.1055, 0, -5.518, -10.473, 0, 0, 0, 0, 0, 0, 0
, , , , 11-10-2023 12:45:10.410 PM, 1, 2, 2, 0, 0, 2, 0, 0, 0.5, -8, 227.8753, 0, -5.518, -10.473, 0, 0, 0, 0, 0, 0, 0
, , , , 11-10-2023 12:45:10.444 PM, 1, 2, 2, 0, 0, 2, 0, 0, 0.5, -8, 228.6271, 0, -5.518, -10.473, 0, 0, 0, 0, 0, 0, 0
, , , , 11-10-2023 12:45:10.477 PM, 1, 2, 2, 0, 0, 2, 0, 0, 0.5, -8, 229.399, 0, -5.518, -10.473, 0, 0, 0, 0, 0, 0, 0
, , , , 11-10-2023 12:45:10.516 PM, 1, 2, 2, 0, 0, 2, 0, 0, 0.5, -8, 230.2773, 0, -5.518, -10.473, 0, 0, 0, 0, 0, 0, 0
, , , , 11-10-2023 12:45:10.550 PM, 1, 2, 2, 0, 0, 2, 0, 0, 0.5, -8, 231.0218, 0, -5.518, -10.473, 0, 0, 0, 0, 0, 0, 0
, , , , 11-10-2023 12:45:10.587 PM, 1, 2, 2, 0, 0, 2, 0, 0, 0.5, -8, 231.8459, 0, -5.518, -10.473, 0, 0, 0, 0, 0, 0, 0
, , , , 11-10-2023 12:45:10.625 PM, 1, 2, 2, 0, 0, 2, 0, 0, 0.5, -8, 232.7279, 0, -5.518, -10.473, 0, 0, 0, 0, 0, 0, 0
, , , , 11-10-2023 12:45:10.662 PM, 1, 2, 2, 0, 0, 2, 0, 0, 0.5, -8, 233.5418, 0, -5.518, -10.473, 0, 0, 0, 0, 0, 0, 0
, , , , 11-10-2023 12:45:10.696 PM, 1, 2, 2, 0, 0, 2, 0, 0, 0.5, -8, 234.3154, 0, -5.518, -10.473, 0, 0, 0, 0, 0, 0, 0
, , , , 11-10-2023 12:45:10.731 PM, 1, 2, 2, 0, 0, 2, 0, 0, 0.5, -8, 235.1039, 0, -5.518, -10.473, 0, 0, 0, 0, 0, 0, 0
, , , , 11-10-2023 12:45:10.767 PM, 1, 2, 2, 0, 0, 2, 0, 0, 0.5, -8, 235.9233, 0, -5.518, -10.473, 0, 0, 0, 0, 0, 0, 0
, , , , 11-10-2023 12:45:10.804 PM, 1, 2, 2, 0, 0, 2, 0, 0, 0.5, -8, 236.7278, 0, -5.518, -10.473, 0, 0, 0, 0, 0, 0, 0
, , , , 11-10-2023 12:45:10.840 PM, 1, 2, 2, 0, 0, 2, 0, 0, 0.5, -8, 237.5496, 0, -5.518, -10.473, 0, 0, 0, 0, 0, 0, 0
, , , , 11-10-2023 12:45:10.876 PM, 1, 2, 2, 0, 0, 2, 0, 0, 0.5, -8, 238.366, 0, -5.518, -10.473, 0, 0, 0, 0, 0, 0, 0
, , , , 11-10-2023 12:45:10.912 PM, 1, 2, 2, 0, 0, 2, 0, 0, 0.5, -8, 239.1781, 0, -5.518, -10.473, 0, 0, 0, 0, 0, 0, 0
, , , , 11-10-2023 12:45:10.948 PM, 1, 2, 2, 0, 0, 2, 0, 0, 0.5, -8, 239.9717, 0, -5.518, -10.473, 0, 0, 0, 0, 0, 0, 0
, , , , 11-10-2023 12:45:10.981 PM, 1, 2, 2, 0, 0, 2, 0, 0, 0.5, -8, 240.7235, 0, -5.518, -10.473, 0, 0, 0, 0, 0, 0, 0
, , , , 11-10-2023 12:45:11.015 PM, 1, 2, 2, 0, 0, 2, 0, 0, 0.5, -8, 241.4831, 0, -5.518, -10.473, 0, 0, 0, 0, 0, 0, 0
, , , , 11-10-2023 12:45:11.051 PM, 1, 2, 2, 0, 0, 2, 0, 0, 0.5, -8, 242.3148, 0, -5.518, -10.473, 0, 0, 0, 0, 0, 0, 0
, , , , 11-10-2023 12:45:11.090 PM, 1, 2, 2, 0, 0, 2, 0, 0, 0.5, -8, 243.1787, 0, -5.518, -10.473, 0, 0, 0, 0, 0, 0, 0
, , , , 11-10-2023 12:45:11.128 PM, 1, 2, 2, 0, 0, 2, 0, 0, 0.5, -8, 244.0238, 0, -5.518, -10.473, 0, 0, 0, 0, 0, 0, 0
, , , , 11-10-2023 12:45:11.161 PM, 1, 2, 2, 0, 0, 2, 0, 0, 0.5, -8, 244.7764, 0, -5.518, -10.473, 0, 0, 0, 0, 0, 0, 0
, , , , 11-10-2023 12:45:11.199 PM, 1, 2, 2, 0, 0, 2, 0, 0, 0.5, -8, 245.6274, 0, -5.518, -10.473, 0, 0, 0, 0, 0, 0, 0
, , , , 11-10-2023 12:45:11.233 PM, 1, 2, 2, 0, 0, 2, 0, 0, 0.5, -8, 246.3885, 0, -5.518, -10.473, 0, 0, 0, 0, 0, 0, 0
, , , , 11-10-2023 12:45:11.270 PM, 1, 2, 2, 0, 0, 2, 0, 0, 0.5, -8, 247.2367, 0, -5.518, -10.473, 0, 0, 0, 0, 0, 0, 0
, , , , 11-10-2023 12:45:11.314 PM, 1, 2, 2, 0, 0, 2, 0, 0, 0.5, -8, 248.2208, 0, -5.518, -10.473, 0, 0, 0, 0, 0, 0, 0
, , , , 11-10-2023 12:45:11.342 PM, 1, 2, 2, 0, 0, 2, 0, 0, 0.5, -8, 248.8407, 0, -5.518, -10.473, 0, 0, 0, 0, 0, 0, 0
, , , , 11-10-2023 12:45:11.379 PM, 1, 2, 2, 0, 0, 2, 0, 0, 0.5, -8, 249.6799, 0, -5.518, -10.473, 0, 0, 0, 0, 0, 0, 0
, , , , 11-10-2023 12:45:11.412 PM, 1, 2, 2, 0, 0, 2, 0, 0, 0.5, -8, 250.4371, 0, -5.518, -10.473, 0, 0, 0, 0, 0, 0, 0
, , , , 11-10-2023 12:45:11.446 PM, 1, 2, 2, 0, 0, 2, 0, 0, 0.5, -8, 251.2033, 0, -5.518, -10.473, 0, 0, 0, 0, 0, 0, 0
, , , , 11-10-2023 12:45:11.482 PM, 1, 2, 2, 0, 0, 2, 0, 0, 0.5, -8, 251.9893, 0, -5.518, -10.473, 0, 0, 0, 0, 0, 0, 0
, , , , 11-10-2023 12:45:11.515 PM, 1, 2, 2, 0, 0, 2, 0, 0, 0.5, -8, 252.7529, 0, -5.518, -10.473, 0, 0, 0, 0, 0, 0, 0
, , , , 11-10-2023 12:45:11.549 PM, 1, 2, 2, 0, 0, 2, 0, 0, 0.5, -8, 253.5114, 0, -5.518, -10.473, 0, 0, 0, 0, 0, 0, 0
, , , , 11-10-2023 12:45:11.584 PM, 1, 2, 2, 0, 0, 2, 0, 0, 0.5, -8, 254.2845, 0, -5.518, -10.473, 0, 0, 0, 0, 0, 0, 0
, , , , 11-10-2023 12:45:11.620 PM, 1, 2, 2, 0, 0, 2, 0, 0, 0.5, -8, 255.0997, 0, -5.518, -10.473, 0, 0, 0, 0, 0, 0, 0
, , , , 11-10-2023 12:45:11.656 PM, 1, 2, 2, 0, 0, 2, 0, 0, 0.5, -8, 255.9041, 0, -5.518, -10.473, 0, 0, 0, 0, 0, 0, 0
, , , , 11-10-2023 12:45:11.693 PM, 1, 2, 2, 0, 0, 2, 0, 0, 0.5, -8, 256.7388, 0, -5.518, -10.473, 0, 0, 0, 0, 0, 0, 0
, , , , 11-10-2023 12:45:11.737 PM, 1, 2, 2, 0, 0, 2, 0, 0, 0.5, -8, 257.7283, 0, -5.518, -10.473, 0, 0, 0, 0, 0, 0, 0
, , , , 11-10-2023 12:45:11.768 PM, 1, 2, 2, 0, 0, 2, 0, 0, 0.5, -8, 258.4209, 0, -5.518, -10.473, 0, 0, 0, 0, 0, 0, 0
, , , , 11-10-2023 12:45:11.804 PM, 1, 2, 2, 0, 0, 2, 0, 0, 0.5, -8, 259.2109, 0, -5.518, -10.473, 0, 0, 0, 0, 0, 0, 0
, , , , 11-10-2023 12:45:11.836 PM, 1, 2, 2, 0, 0, 2, 0, 0, 0.5, -8, 259.9488, 0, -5.518, -10.473, 0, 0, 0, 0, 0, 0, 0
, , , , 11-10-2023 12:45:11.871 PM, 1, 2, 2, 0, 0, 2, 0, 0, 0.5, -8, 260.7526, 0, -5.518, -10.473, 0, 0, 0, 0, 0, 0, 0
, , , , 11-10-2023 12:45:11.910 PM, 1, 2, 2, 0, 0, 2, 0, 0, 0.5, -8, 261.6114, 0, -5.518, -10.473, 0, 0, 0, 0, 0, 0, 0
, , , , 11-10-2023 12:45:11.944 PM, 1, 2, 2, 0, 0, 2, 0, 0, 0.5, -8, 262.3727, 0, -5.518, -10.473, 0, 0, 0, 0, 0, 0, 0
, , , , 11-10-2023 12:45:11.979 PM, 1, 2, 2, 0, 0, 2, 0, 0, 0.5, -8, 263.1801, 0, -5.518, -10.473, 0, 0, 0, 0, 0, 0, 0
, , , , 11-10-2023 12:45:12.016 PM, 1, 2, 2, 0, 0, 2, 0, 0, 0.5, -8, 264.0034, 0, -5.518, -10.473, 0, 0, 0, 0, 0, 0, 0
, , , , 11-10-2023 12:45:12.053 PM, 1, 2, 2, 0, 0, 2, 0, 0, 0.5, -8, 264.8295, 0, -5.518, -10.473, 0, 0, 0, 0, 0, 0, 0
, , , , 11-10-2023 12:45:12.088 PM, 1, 2, 2, 0, 0, 2, 0, 0, 0.5, -8, 265.6279, 0, -5.518, -10.473, 0, 0, 0, 0, 0, 0, 0
, , , , 11-10-2023 12:45:12.125 PM, 1, 2, 2, 0, 0, 2, 0, 0, 0.5, -8, 266.4625, 0, -5.518, -10.473, 0, 0, 0, 0, 0, 0, 0
, , , , 11-10-2023 12:45:12.160 PM, 1, 2, 2, 0, 0, 2, 0, 0, 0.5, -8, 267.2421, 0, -5.518, -10.473, 0, 0, 0, 0, 0, 0, 0
, , , , 11-10-2023 12:45:12.200 PM, 1, 2, 2, 0, 0, 2, 0, 0, 0.5, -8, 268.1472, 0, -5.518, -10.473, 0, 0, 0, 0, 0, 0, 0
, , , , 11-10-2023 12:45:12.235 PM, 1, 2, 2, 0, 0, 2, 0, 0, 0.5, -8, 268.9435, 0, -5.518, -10.473, 0, 0, 0, 0, 0, 0, 0
, , , , 11-10-2023 12:45:12.272 PM, 1, 2, 2, 0, 0, 2, 0, 0, 0.5, -8, 269.7699, 0, -5.518, -10.473, 0, 0, 0, 0, 0, 0, 0
, , , , 11-10-2023 12:45:12.314 PM, 1, 2, 2, 0, 0, 2, 0, 0, 0.5, -8, 270.7187, 0, -5.518, -10.473, 0, 0, 0, 0, 0, 0, 0
, , , , 11-10-2023 12:45:12.349 PM, 1, 2, 2, 0, 0, 2, 0, 0, 0.5, -8, 271.5023, 0, -5.518, -10.473, 0, 0, 0, 0, 0, 0, 0
, , , , 11-10-2023 12:45:12.385 PM, 1, 2, 2, 0, 0, 2, 0, 0, 0.5, -8, 272.316, 0, -5.518, -10.473, 0, 0, 0, 0, 0, 0, 0
, , , , 11-10-2023 12:45:12.423 PM, 1, 2, 2, 0, 0, 2, 0, 0, 0.5, -8, 273.1491, 0, -5.518, -10.473, 0, 0, 0, 0, 0, 0, 0
, , , , 11-10-2023 12:45:12.459 PM, 1, 2, 2, 0, 0, 2, 0, 0, 0.5, -8, 273.9624, 0, -5.518, -10.473, 0, 0, 0, 0, 0, 0, 0
, , , , 11-10-2023 12:45:12.494 PM, 1, 2, 2, 0, 0, 2, 0, 0, 0.5, -8, 274.7603, 0, -5.518, -10.473, 0, 0, 0, 0, 0, 0, 0
, , , , 11-10-2023 12:45:12.533 PM, 1, 2, 2, 0, 0, 2, 0, 0, 0.5, -8, 275.6526, 0, -5.518, -10.473, 0, 0, 0, 0, 0, 0, 0
, , , , 11-10-2023 12:45:12.567 PM, 1, 2, 2, 0, 0, 2, 0, 0, 0.5, -8, 276.4167, 0, -5.518, -10.473, 0, 0, 0, 0, 0, 0, 0
, , , , 11-10-2023 12:45:12.604 PM, 1, 2, 2, 0, 0, 2, 0, 0, 0.5, -8, 277.2385, 0, -5.518, -10.473, 0, 0, 0, 0, 0, 0, 0
, , , , 11-10-2023 12:45:12.641 PM, 1, 2, 2, 0, 0, 2, 0, 0, 0.5, -8, 278.0529, 0, -5.518, -10.473, 0, 0, 0, 0, 0, 0, 0
, , , , 11-10-2023 12:45:12.677 PM, 1, 2, 2, 0, 0, 2, 0, 0, 0.5, -8, 278.8896, 0, -5.518, -10.473, 0, 0, 0, 0, 0, 0, 0
, , , , 11-10-2023 12:45:12.714 PM, 1, 2, 2, 0, 0, 2, 0, 0, 0.5, -8, 279.7156, 0, -5.518, -10.473, 0, 0, 0, 0, 0, 0, 0
, , , , 11-10-2023 12:45:12.753 PM, 1, 2, 2, 0, 0, 2, 0, 0, 0.5, -8, 280.5939, 0, -5.518, -10.473, 0, 0, 0, 0, 0, 0, 0
, , , , 11-10-2023 12:45:12.794 PM, 1, 2, 2, 0, 0, 2, 0, 0, 0.5, -8, 281.5216, 0, -5.518, -10.473, 0, 0, 0, 0, 0, 0, 0
, , , , 11-10-2023 12:45:12.830 PM, 1, 2, 2, 0, 0, 2, 0, 0, 0.5, -8, 282.3154, 0, -5.518, -10.473, 0, 0, 0, 0, 0, 0, 0
, , , , 11-10-2023 12:45:12.864 PM, 1, 2, 2, 0, 0, 2, 0, 0, 0.5, -8, 283.0866, 0, -5.518, -10.473, 0, 0, 0, 0, 0, 0, 0
, , , , 11-10-2023 12:45:12.899 PM, 1, 2, 2, 0, 0, 2, 0, 0, 0.5, -8, 283.8785, 0, -5.518, -10.473, 0, 0, 0, 0, 0, 0, 0
, , , , 11-10-2023 12:45:12.933 PM, 1, 2, 2, 0, 0, 2, 0, 0, 0.5, -8, 284.6462, 0, -5.518, -10.473, 0, 0, 0, 0, 0, 0, 0
, , , , 11-10-2023 12:45:12.967 PM, 1, 2, 2, 0, 0, 2, 0, 0, 0.5, -8, 285.405, 0, -5.518, -10.473, 0, 0, 0, 0, 0, 0, 0
, , , , 11-10-2023 12:45:13.001 PM, 1, 2, 2, 0, 0, 2, 0, 0, 0.5, -8, 286.166, 0, -5.518, -10.473, 0, 0, 0, 0, 0, 0, 0
, , , , 11-10-2023 12:45:13.039 PM, 1, 2, 2, 0, 0, 2, 0, 0, 0.5, -8, 287.0303, 0, -5.518, -10.473, 0, 0, 0, 0, 0, 0, 0
, , , , 11-10-2023 12:45:13.074 PM, 1, 2, 2, 0, 0, 2, 0, 0, 0.5, -8, 287.8091, 0, -5.518, -10.473, 0, 0, 0, 0, 0, 0, 0
, , , , 11-10-2023 12:45:13.108 PM, 1, 2, 2, 0, 0, 2, 0, 0, 0.5, -8, 288.5839, 0, -5.518, -10.473, 0, 0, 0, 0, 0, 0, 0
, , , , 11-10-2023 12:45:13.142 PM, 1, 2, 2, 0, 0, 2, 0, 0, 0.5, -8, 289.3616, 0, -5.518, -10.473, 0, 0, 0, 0, 0, 0, 0
, , , , 11-10-2023 12:45:13.179 PM, 1, 2, 2, 0, 0, 2, 0, 0, 0.5, -8, 290.1901, 0, -5.518, -10.473, 0, 0, 0, 0, 0, 0, 0
, , , , 11-10-2023 12:45:13.214 PM, 1, 2, 2, 0, 0, 2, 0, 0, 0.5, -8, 290.9639, 0, -5.518, -10.473, 0, 0, 0, 0, 0, 0, 0
, , , , 11-10-2023 12:45:13.249 PM, 1, 2, 2, 0, 0, 2, 0, 0, 0.5, -8, 291.7406, 0, -5.518, -10.473, 0, 0, 0, 0, 0, 0, 0
, , , , 11-10-2023 12:45:13.283 PM, 1, 2, 2, 0, 0, 2, 0, 0, 0.5, -8, 292.5068, 0, -5.518, -10.473, 0, 0, 0, 0, 0, 0, 0
, , , , 11-10-2023 12:45:13.319 PM, 1, 2, 2, 0, 0, 2, 0, 0, 0.5, -8, 293.3332, 0, -5.518, -10.473, 0, 0, 0, 0, 0, 0, 0
, , , , 11-10-2023 12:45:13.359 PM, 1, 2, 2, 0, 0, 2, 0, 0, 0.5, -8, 294.2371, 0, -5.518, -10.473, 0, 0, 0, 0, 0, 0, 0
, , , , 11-10-2023 12:45:13.391 PM, 1, 2, 2, 0, 0, 2, 0, 0, 0.5, -8, 294.9304, 0, -5.518, -10.473, 0, 0, 0, 0, 0, 0, 0
, , , , 11-10-2023 12:45:13.428 PM, 1, 2, 2, 0, 0, 2, 0, 0, 0.5, -8, 295.7674, 0, -5.518, -10.473, 0, 0, 0, 0, 0, 0, 0
, , , , 11-10-2023 12:45:13.464 PM, 1, 2, 2, 0, 0, 2, 0, 0, 0.5, -8, 296.5639, 0, -5.518, -10.473, 0, 0, 0, 0, 0, 0, 0
, , , , 11-10-2023 12:45:13.502 PM, 1, 2, 2, 0, 0, 2, 0, 0, 0.5, -8, 297.4421, 0, -5.518, -10.473, 0, 0, 0, 0, 0, 0, 0
, , , , 11-10-2023 12:45:13.538 PM, 1, 2, 2, 0, 0, 2, 0, 0, 0.5, -8, 298.2568, 0, -5.518, -10.473, 0, 0, 0, 0, 0, 0, 0
, , , , 11-10-2023 12:45:13.574 PM, 1, 2, 2, 0, 0, 2, 0, 0, 0.5, -8, 299.0612, 0, -5.518, -10.473, 0, 0, 0, 0, 0, 0, 0
, , , , 11-10-2023 12:45:13.610 PM, 1, 2, 2, 0, 0, 2, 0, 0, 0.5, -8, 299.8741, 0, -5.518, -10.473, 0, 0, 0, 0, 0, 0, 0
, , , , 11-10-2023 12:45:13.646 PM, 1, 2, 2, 0, 0, 2, 0, 0, 0.5, -8, 300.6725, 0, -5.518, -10.473, 0, 0, 0, 0, 0, 0, 0
, , , , 11-10-2023 12:45:13.682 PM, 1, 2, 2, 0, 0, 2, 0, 0, 0.5, -8, 301.4828, 0, -5.518, -10.473, 0, 0, 0, 0, 0, 0, 0
, , , , 11-10-2023 12:45:13.719 PM, 1, 2, 2, 0, 0, 2, 0, 0, 0.5, -8, 302.3168, 0, -5.518, -10.473, 0, 0, 0, 0, 0, 0, 0
, , , , 11-10-2023 12:45:13.762 PM, 1, 2, 2, 0, 0, 2, 0, 0, 0.5, -8, 303.2963, 0, -5.518, -10.473, 0, 0, 0, 0, 0, 0, 0
, , , , 11-10-2023 12:45:13.790 PM, 1, 2, 2, 0, 0, 2, 0, 0, 0.5, -8, 303.926, 0, -5.518, -10.473, 0, 0, 0, 0, 0, 0, 0
, , , , 11-10-2023 12:45:13.830 PM, 1, 2, 2, 0, 0, 2, 0, 0, 0.5, -8, 304.8136, 0, -5.518, -10.473, 0, 0, 0, 0, 0, 0, 0
, , , , 11-10-2023 12:45:13.860 PM, 1, 2, 2, 0, 0, 2, 0, 0, 0.5, -8, 305.4962, 0, -5.518, -10.473, 0, 0, 0, 0, 0, 0, 0
, , , , 11-10-2023 12:45:13.894 PM, 1, 2, 2, 0, 0, 2, 0, 0, 0.5, -8, 306.2672, 0, -5.518, -10.473, 0, 0, 0, 0, 0, 0, 0
, , , , 11-10-2023 12:45:13.929 PM, 1, 2, 2, 0, 0, 2, 0, 0, 0.5, -8, 307.0331, 0, -5.518, -10.473, 0, 0, 0, 0, 0, 0, 0
, , , , 11-10-2023 12:45:13.963 PM, 1, 2, 2, 0, 0, 2, 0, 0, 0.5, -8, 307.8159, 0, -5.518, -10.473, 0, 0, 0, 0, 0, 0, 0
, , , , 11-10-2023 12:45:14.001 PM, 1, 2, 2, 0, 0, 2, 0, 0, 0.5, -8, 308.6512, 0, -5.518, -10.473, 0, 0, 0, 0, 0, 0, 0
, , , , 11-10-2023 12:45:14.036 PM, 1, 2, 2, 0, 0, 2, 0, 0, 0.5, -8, 309.4508, 0, -5.518, -10.473, 0, 0, 0, 0, 0, 0, 0
, , , , 11-10-2023 12:45:14.070 PM, 1, 2, 2, 0, 0, 2, 0, 0, 0.5, -8, 310.2195, 0, -5.518, -10.473, 0, 0, 0, 0, 0, 0, 0
, , , , 11-10-2023 12:45:14.105 PM, 1, 2, 2, 0, 0, 2, 0, 0, 0.5, -8, 310.999, 0, -5.518, -10.473, 0, 0, 0, 0, 0, 0, 0
, , , , 11-10-2023 12:45:14.138 PM, 1, 2, 2, 0, 0, 2, 0, 0, 0.5, -8, 311.7568, 0, -5.518, -10.473, 0, 0, 0, 0, 0, 0, 0
, , , , 11-10-2023 12:45:14.176 PM, 1, 2, 2, 0, 0, 2, 0, 0, 0.5, -8, 312.6199, 0, -5.518, -10.473, 0, 0, 0, 0, 0, 0, 0
, , , , 11-10-2023 12:45:14.214 PM, 1, 2, 2, 0, 0, 2, 0, 0, 0.5, -8, 313.4708, 0, -5.518, -10.473, 0, 0, 0, 0, 0, 0, 0
, , , , 11-10-2023 12:45:14.249 PM, 1, 2, 2, 0, 0, 2, 0, 0, 0.5, -8, 314.2635, 0, -5.518, -10.473, 0, 0, 0, 0, 0, 0, 0
, , , , 11-10-2023 12:45:14.286 PM, 1, 2, 2, 0, 0, 2, 0, 0, 0.5, -8, 315.1079, 0, -5.518, -10.473, 0, 0, 0, 0, 0, 0, 0
, , , , 11-10-2023 12:45:14.321 PM, 1, 2, 2, 0, 0, 2, 0, 0, 0.5, -8, 315.8606, 0, -5.518, -10.473, 0, 0, 0, 0, 0, 0, 0
, , , , 11-10-2023 12:45:14.357 PM, 1, 2, 2, 0, 0, 2, 0, 0, 0.5, -8, 316.688, 0, -5.518, -10.473, 0, 0, 0, 0, 0, 0, 0
, , , , 11-10-2023 12:45:14.394 PM, 1, 2, 2, 0, 0, 2, 0, 0, 0.5, -8, 317.5134, 0, -5.518, -10.473, 0, 0, 0, 0, 0, 0, 0
, , , , 11-10-2023 12:45:14.427 PM, 1, 2, 2, 0, 0, 2, 0, 0, 0.5, -8, 318.261, 0, -5.518, -10.473, 0, 0, 0, 0, 0, 0, 0
, , , , 11-10-2023 12:45:14.464 PM, 1, 2, 2, 0, 0, 2, 0, 0, 0.5, -8, 319.0982, 0, -5.518, -10.473, 0, 0, 0, 0, 0, 0, 0
, , , , 11-10-2023 12:45:14.497 PM, 1, 2, 2, 0, 0, 2, 0, 0, 0.5, -8, 319.8491, 0, -5.518, -10.473, 0, 0, 0, 0, 0, 0, 0
, , , , 11-10-2023 12:45:14.531 PM, 1, 2, 2, 0, 0, 2, 0, 0, 0.5, -8, 320.6093, 0, -5.518, -10.473, 0, 0, 0, 0, 0, 0, 0
, , , , 11-10-2023 12:45:14.569 PM, 1, 2, 2, 0, 0, 2, 0, 0, 0.5, -8, 321.4576, 0, -5.518, -10.473, 0, 0, 0, 0, 0, 0, 0
, , , , 11-10-2023 12:45:14.616 PM, 1, 2, 2, 0, 0, 2, 0, 0, 0.5, -8, 322.5248, 0, -5.518, -10.473, 0, 0, 0, 0, 0, 0, 0
, , , , 11-10-2023 12:45:14.646 PM, 1, 2, 2, 0, 0, 2, 0, 0, 0.5, -8, 323.1888, 0, -5.518, -10.473, 0, 0, 0, 0, 0, 0, 0
, , , , 11-10-2023 12:45:14.684 PM, 1, 2, 2, 0, 0, 2, 0, 0, 0.5, -8, 324.0221, 0, -5.518, -10.473, 0, 0, 0, 0, 0, 0, 0
, , , , 11-10-2023 12:45:14.721 PM, 1, 2, 2, 0, 0, 2, 0, 0, 0.5, -8, 324.8617, 0, -5.518, -10.473, 0, 0, 0, 0, 0, 0, 0
, , , , 11-10-2023 12:45:14.754 PM, 1, 2, 2, 0, 0, 2, 0, 0, 0.5, -8, 325.6218, 0, -5.518, -10.473, 0, 0, 0, 0, 0, 0, 0
, , , , 11-10-2023 12:45:14.789 PM, 1, 2, 2, 0, 0, 2, 0, 0, 0.5, -8, 326.4039, 0, -5.518, -10.473, 0, 0, 0, 0, 0, 0, 0
, , , , 11-10-2023 12:45:14.826 PM, 1, 2, 2, 0, 0, 2, 0, 0, 0.5, -8, 327.2339, 0, -5.518, -10.473, 0, 0, 0, 0, 0, 0, 0
, , , , 11-10-2023 12:45:14.860 PM, 1, 2, 2, 0, 0, 2, 0, 0, 0.5, -8, 328, 0, -5.518, -10.473, 0, 0, 0, 0, 0, 0, 0
, , , , 11-10-2023 12:45:14.898 PM, 1, 2, 2, 0, 0, 2, 0, 0, 0.5, -8, 328.8629, 0, -5.518, -10.473, 0, 0, 0, 0, 0, 0, 0
, , , , 11-10-2023 12:45:14.932 PM, 1, 2, 2, 0, 0, 2, 0, 0, 0.5, -8, 329.6271, 0, -5.518, -10.473, 0, 0, 0, 0, 0, 0, 0
, , , , 11-10-2023 12:45:14.968 PM, 1, 2, 2, 0, 0, 2, 0, 0, 0.5, -8, 330.4317, 0, -5.518, -10.473, 0, 0, 0, 0, 0, 0, 0
, , , , 11-10-2023 12:45:15.005 PM, 1, 2, 2, 0, 0, 2, 0, 0, 0.5, -8, 331.2749, 0, -5.518, -10.473, 0, 0, 0, 0, 0, 0, 0
, , , , 11-10-2023 12:45:15.040 PM, 1, 2, 2, 0, 0, 2, 0, 0, 0.5, -8, 332.0496, 0, -5.518, -10.473, 0, 0, 0, 0, 0, 0, 0
, , , , 11-10-2023 12:45:15.073 PM, 1, 2, 2, 0, 0, 2, 0, 0, 0.5, -8, 332.7968, 0, -5.518, -10.473, 0, 0, 0, 0, 0, 0, 0
, , , , 11-10-2023 12:45:15.107 PM, 1, 2, 2, 0, 0, 2, 0, 0, 0.5, -8, 333.5699, 0, -5.518, -10.473, 0, 0, 0, 0, 0, 0, 0
, , , , 11-10-2023 12:45:15.141 PM, 1, 2, 2, 0, 0, 2, 0, 0, 0.5, -8, 334.3139, 0, -5.518, -10.473, 0, 0, 0, 0, 0, 0, 0
, , , , 11-10-2023 12:45:15.183 PM, 1, 2, 2, 0, 0, 2, 0, 0, 0.5, -8, 335.2524, 0, -5.518, -10.473, 0, 0, 0, 0, 0, 0, 0
, , , , 11-10-2023 12:45:15.212 PM, 1, 2, 2, 0, 0, 2, 0, 0, 0.5, -8, 335.9286, 0, -5.518, -10.473, 0, 0, 0, 0, 0, 0, 0
, , , , 11-10-2023 12:45:15.246 PM, 1, 2, 2, 0, 0, 2, 0, 0, 0.5, -8, 336.6967, 0, -5.518, -10.473, 0, 0, 0, 0, 0, 0, 0
, , , , 11-10-2023 12:45:15.284 PM, 1, 2, 2, 0, 0, 2, 0, 0, 0.5, -8, 337.5411, 0, -5.518, -10.473, 0, 0, 0, 0, 0, 0, 0
, , , , 11-10-2023 12:45:15.324 PM, 1, 2, 2, 0, 0, 2, 0, 0, 0.5, -8, 338.4349, 0, -5.518, -10.473, 0, 0, 0, 0, 0, 0, 0
, , , , 11-10-2023 12:45:15.357 PM, 1, 2, 2, 0, 0, 2, 0, 0, 0.5, -8, 339.1951, 0, -5.518, -10.473, 0, 0, 0, 0, 0, 0, 0
, , , , 11-10-2023 12:45:15.391 PM, 1, 2, 2, 0, 0, 2, 0, 0, 0.5, -8, 339.9537, 0, -5.518, -10.473, 0, 0, 0, 0, 0, 0, 0
, , , , 11-10-2023 12:45:15.425 PM, 1, 2, 2, 0, 0, 2, 0, 0, 0.5, -8, 340.7184, 0, -5.518, -10.473, 0, 0, 0, 0, 0, 0, 0
, , , , 11-10-2023 12:45:15.463 PM, 1, 2, 2, 0, 0, 2, 0, 0, 0.5, -8, 341.5782, 0, -5.518, -10.473, 0, 0, 0, 0, 0, 0, 0
, , , , 11-10-2023 12:45:15.499 PM, 1, 2, 2, 0, 0, 2, 0, 0, 0.5, -8, 342.3917, 0, -5.518, -10.473, 0, 0, 0, 0, 0, 0, 0
, , , , 11-10-2023 12:45:15.529 PM, 1, 2, 2, 0, 0, 2, 0, 0, 0.5, -8, 343.072, 0, -5.518, -10.473, 0, 0, 0, 0, 0, 0, 0
, , , , 11-10-2023 12:45:15.567 PM, 1, 2, 2, 0, 0, 2, 0, 0, 0.5, -8, 343.9195, 0, -5.518, -10.473, 0, 0, 0, 0, 0, 0, 0
, , , , 11-10-2023 12:45:15.605 PM, 1, 2, 2, 0, 0, 2, 0, 0, 0.5, -8, 344.7555, 0, -5.518, -10.473, 0, 0, 0, 0, 0, 0, 0
, , , , 11-10-2023 12:45:15.642 PM, 1, 2, 2, 0, 0, 2, 0, 0, 0.5, -8, 345.5992, 0, -5.518, -10.473, 0, 0, 0, 0, 0, 0, 0
, , , , 11-10-2023 12:45:15.676 PM, 1, 2, 2, 0, 0, 2, 0, 0, 0.5, -8, 346.3657, 0, -5.518, -10.473, 0, 0, 0, 0, 0, 0, 0
, , , , 11-10-2023 12:45:15.710 PM, 1, 2, 2, 0, 0, 2, 0, 0, 0.5, -8, 347.141, 0, -5.518, -10.473, 0, 0, 0, 0, 0, 0, 0
, , , , 11-10-2023 12:45:15.751 PM, 1, 2, 2, 0, 0, 2, 0, 0, 0.5, -8, 348.0456, 0, -5.518, -10.473, 0, 0, 0, 0, 0, 0, 0
, , , , 11-10-2023 12:45:15.783 PM, 1, 2, 2, 0, 0, 2, 0, 0, 0.5, -8, 348.7778, 0, -5.518, -10.473, 0, 0, 0, 0, 0, 0, 0
, , , , 11-10-2023 12:45:15.820 PM, 1, 2, 2, 0, 0, 2, 0, 0, 0.5, -8, 349.5948, 0, -5.518, -10.473, 0, 0, 0, 0, 0, 0, 0
, , , , 11-10-2023 12:45:15.856 PM, 1, 2, 2, 0, 0, 2, 0, 0, 0.5, -8, 350.4327, 0, -5.518, -10.473, 0, 0, 0, 0, 0, 0, 0
, , , , 11-10-2023 12:45:15.890 PM, 1, 2, 2, 0, 0, 2, 0, 0, 0.5, -8, 351.1807, 0, -5.518, -10.473, 0, 0, 0, 0, 0, 0, 0
, , , , 11-10-2023 12:45:15.924 PM, 1, 2, 2, 0, 0, 2, 0, 0, 0.5, -8, 351.9434, 0, -5.518, -10.473, 0, 0, 0, 0, 0, 0, 0
, , , , 11-10-2023 12:45:15.958 PM, 1, 2, 2, 0, 0, 2, 0, 0, 0.5, -8, 352.708, 0, -5.518, -10.473, 0, 0, 0, 0, 0, 0, 0
, , , , 11-10-2023 12:45:15.996 PM, 1, 2, 2, 0, 0, 2, 0, 0, 0.5, -8, 353.5656, 0, -5.518, -10.473, 0, 0, 0, 0, 0, 0, 0
, , , , 11-10-2023 12:45:16.029 PM, 1, 2, 2, 0, 0, 2, 0, 0, 0.5, -8, 354.3158, 0, -5.518, -10.473, 0, 0, 0, 0, 0, 0, 0
, , , , 11-10-2023 12:45:16.067 PM, 1, 2, 2, 0, 0, 2, 0, 0, 0.5, -8, 355.1717, 0, -5.518, -10.473, 0, 0, 0, 0, 0, 0, 0
, , , , 11-10-2023 12:45:16.104 PM, 1, 2, 2, 0, 0, 2, 0, 0, 0.5, -8, 355.9829, 0, -5.518, -10.473, 0, 0, 0, 0, 0, 0, 0
, , , , 11-10-2023 12:45:16.135 PM, 1, 2, 2, 0, 0, 2, 0, 0, 0.5, -8, 356.6718, 0, -5.518, -10.473, 0, 0, 0, 0, 0, 0, 0
, , , , 11-10-2023 12:45:16.172 PM, 1, 2, 2, 0, 0, 2, 0, 0, 0.5, -8, 357.5161, 0, -5.518, -10.473, 0, 0, 0, 0, 0, 0, 0
, , , , 11-10-2023 12:45:16.212 PM, 1, 2, 2, 0, 0, 2, 0, 0, 0.5, -8, 358.4188, 0, -5.518, -10.473, 0, 0, 0, 0, 0, 0, 0
, , , , 11-10-2023 12:45:16.244 PM, 1, 2, 2, 0, 0, 2, 0, 0, 0.5, -8, 359.145, 0, -5.518, -10.473, 0, 0, 0, 0, 0, 0, 0
, , , , 11-10-2023 12:45:16.278 PM, 1, 2, 2, 0, 0, 2, 0, 0, 0.5, -8, 359.9106, 0, -5.518, -10.473, 0, 0, 0, 0, 0, 0, 0
, , , , 11-10-2023 12:45:16.315 PM, 1, 2, 2, 0, 0, 2, 0, 0, 0.5, -8, 0.742867, 0, -5.518, -10.473, 0, 0, 0, 0, 0, 0, 0
, , , , 11-10-2023 12:45:16.353 PM, 1, 2, 2, 0, 0, 2, 0, 0, 0.5, -8, 1.590282, 0, -5.518, -10.473, 0, 0, 0, 0, 0, 0, 0
, , , , 11-10-2023 12:45:16.388 PM, 1, 2, 2, 0, 0, 2, 0, 0, 0.5, -8, 2.384083, 0, -5.518, -10.473, 0, 0, 0, 0, 0, 0, 0
, , , , 11-10-2023 12:45:16.427 PM, 1, 2, 2, 0, 0, 2, 0, 0, 0.5, -8, 3.262287, 0, -5.518, -10.473, 0, 0, 0, 0, 0, 0, 0
, , , , 11-10-2023 12:45:16.462 PM, 1, 2, 2, 0, 0, 2, 0, 0, 0.5, -8, 4.017651, 0, -5.518, -10.473, 0, 0, 0, 0, 0, 0, 0
, , , , 11-10-2023 12:45:16.501 PM, 1, 2, 2, 0, 0, 2, 0, 0, 0.5, -8, 4.910687, 0, -5.518, -10.473, 0, 0, 0, 0, 0, 0, 0
, , , , 11-10-2023 12:45:16.535 PM, 1, 2, 2, 0, 0, 2, 0, 0, 0.5, -8, 5.685688, 0, -5.518, -10.473, 0, 0, 0, 0, 0, 0, 0
, , , , 11-10-2023 12:45:16.575 PM, 1, 2, 2, 0, 0, 2, 0, 0, 0.5, -8, 6.600079, 0, -5.518, -10.473, 0, 0, 0, 0, 0, 0, 0
, , , , 11-10-2023 12:45:16.611 PM, 1, 2, 2, 0, 0, 2, 0, 0, 0.5, -8, 7.390525, 0, -5.518, -10.473, 0, 0, 0, 0, 0, 0, 0
, , , , 11-10-2023 12:45:16.646 PM, 1, 2, 2, 0, 0, 2, 0, 0, 0.5, -8, 8.18095, 0, -5.518, -10.473, 0, 0, 0, 0, 0, 0, 0
, , , , 11-10-2023 12:45:16.683 PM, 1, 2, 2, 0, 0, 2, 0, 0, 0.5, -8, 9.013837, 0, -5.518, -10.473, 0, 0, 0, 0, 0, 0, 0
, , , , 11-10-2023 12:45:16.716 PM, 1, 2, 2, 0, 0, 2, 0, 0, 0.5, -8, 9.76505, 0, -5.518, -10.473, 0, 0, 0, 0, 0, 0, 0
, , , , 11-10-2023 12:45:16.754 PM, 1, 2, 2, 0, 0, 2, 0, 0, 0.5, -8, 10.61345, 0, -5.518, -10.473, 0, 0, 0, 0, 0, 0, 0
, , , , 11-10-2023 12:45:16.791 PM, 1, 2, 2, 0, 0, 2, 0, 0, 0.5, -8, 11.45799, 0, -5.518, -10.473, 0, 0, 0, 0, 0, 0, 0
, , , , 11-10-2023 12:45:16.831 PM, 1, 2, 2, 0, 0, 2, 0, 0, 0.5, -8, 12.23467, 0, -5.518, -10.473, 0, 0, 0, 0, 0, 0, 0
, , , , 11-10-2023 12:45:16.863 PM, 1, 2, 2, 0, 0, 2, 0, 0, 0.5, -8, 13.05085, 0, -5.518, -10.473, 0, 0, 0, 0, 0, 0, 0
, , , , 11-10-2023 12:45:16.896 PM, 1, 2, 2, 0, 0, 2, 0, 0, 0.5, -8, 13.82996, 0, -5.518, -10.473, 0, 0, 0, 0, 0, 0, 0
, , , , 11-10-2023 12:45:16.933 PM, 1, 2, 2, 0, 0, 2, 0, 0, 0.5, -8, 14.64851, 0, -5.518, -10.473, 0, 0, 0, 0, 0, 0, 0
, , , , 11-10-2023 12:45:16.965 PM, 1, 2, 2, 0, 0, 2, 0, 0, 0.5, -8, 15.3737, 0, -5.518, -10.473, 0, 0, 0, 0, 0, 0, 0
, , , , 11-10-2023 12:45:17.003 PM, 1, 2, 2, 0, 0, 2, 0, 0, 0.5, -8, 16.20763, 0, -5.518, -10.473, 0, 0, 0, 0, 0, 0, 0
, , , , 11-10-2023 12:45:17.040 PM, 1, 2, 2, 0, 0, 2, 0, 0, 0.5, -8, 17.05062, 0, -5.518, -10.473, 0, 0, 0, 0, 0, 0, 0
, , , , 11-10-2023 12:45:17.076 PM, 1, 2, 2, 0, 0, 2, 0, 0, 0.5, -8, 17.86564, 0, -5.518, -10.473, 0, 0, 0, 0, 0, 0, 0
, , , , 11-10-2023 12:45:17.114 PM, 1, 2, 2, 0, 0, 2, 0, 0, 0.5, -8, 18.71751, 0, -5.518, -10.473, 0, 0, 0, 0, 0, 0, 0
, , , , 11-10-2023 12:45:17.152 PM, 1, 2, 2, 0, 0, 2, 0, 0, 0.5, -8, 19.57168, 0, -5.518, -10.473, 0, 0, 0, 0, 0, 0, 0
, , , , 11-10-2023 12:45:17.185 PM, 1, 2, 2, 0, 0, 2, 0, 0, 0.5, -8, 20.32939, 0, -5.518, -10.473, 0, 0, 0, 0, 0, 0, 0
, , , , 11-10-2023 12:45:17.226 PM, 1, 2, 2, 0, 0, 2, 0, 0, 0.5, -8, 21.25163, 0, -5.518, -10.473, 0, 0, 0, 0, 0, 0, 0
, , , , 11-10-2023 12:45:17.263 PM, 1, 2, 2, 0, 0, 2, 0, 0, 0.5, -8, 22.06117, 0, -5.518, -10.473, 0, 0, 0, 0, 0, 0, 0
, , , , 11-10-2023 12:45:17.299 PM, 1, 2, 2, 0, 0, 2, 0, 0, 0.5, -8, 22.87874, 0, -5.518, -10.473, 0, 0, 0, 0, 0, 0, 0
, , , , 11-10-2023 12:45:17.346 PM, 1, 2, 2, 0, 0, 2, 0, 0, 0.5, -8, 23.93561, 0, -5.518, -10.473, 0, 0, 0, 0, 0, 0, 0
, , , , 11-10-2023 12:45:17.369 PM, 1, 2, 2, 0, 0, 2, 0, 0, 0.5, -8, 24.45896, 0, -5.518, -10.473, 0, 0, 0, 0, 0, 0, 0
, , , , 11-10-2023 12:45:17.407 PM, 1, 2, 2, 0, 0, 2, 0, 0, 0.5, -8, 25.30416, 0, -5.518, -10.473, 0, 0, 0, 0, 0, 0, 0
, , , , 11-10-2023 12:45:17.442 PM, 1, 2, 2, 0, 0, 2, 0, 0, 0.5, -8, 26.09936, 0, -5.518, -10.473, 0, 0, 0, 0, 0, 0, 0
, , , , 11-10-2023 12:45:17.479 PM, 1, 2, 2, 0, 0, 2, 0, 0, 0.5, -8, 26.93986, 0, -5.518, -10.473, 0, 0, 0, 0, 0, 0, 0
, , , , 11-10-2023 12:45:17.516 PM, 1, 2, 2, 0, 0, 2, 0, 0, 0.5, -8, 27.75904, 0, -5.518, -10.473, 0, 0, 0, 0, 0, 0, 0
, , , , 11-10-2023 12:45:17.562 PM, 1, 2, 2, 0, 0, 2, 0, 0, 0.5, -8, 28.78033, 0, -5.518, -10.473, 0, 0, 0, 0, 0, 0, 0
, , , , 11-10-2023 12:45:17.591 PM, 1, 2, 2, 0, 0, 2, 0, 0, 0.5, -8, 29.44328, 0, -5.518, -10.473, 0, 0, 0, 0, 0, 0, 0
, , , , 11-10-2023 12:45:17.631 PM, 1, 2, 2, 0, 0, 2, 0, 0, 0.5, -8, 30.34239, 0, -5.518, -10.473, 0, 0, 0, 0, 0, 0, 0
, , , , 11-10-2023 12:45:17.667 PM, 1, 2, 2, 0, 0, 2, 0, 0, 0.5, -8, 31.16531, 0, -5.518, -10.473, 0, 0, 0, 0, 0, 0, 0
, , , , 11-10-2023 12:45:17.705 PM, 1, 2, 2, 0, 0, 2, 0, 0, 0.5, -8, 32.00851, 0, -5.518, -10.473, 0, 0, 0, 0, 0, 0, 0
, , , , 11-10-2023 12:45:17.742 PM, 1, 2, 2, 0, 0, 2, 0, 0, 0.5, -8, 32.84622, 0, -5.518, -10.473, 0, 0, 0, 0, 0, 0, 0
, , , , 11-10-2023 12:45:17.776 PM, 1, 2, 2, 0, 0, 2, 0, 0, 0.5, -8, 33.60503, 0, -5.518, -10.473, 0, 0, 0, 0, 0, 0, 0
, , , , 11-10-2023 12:45:17.811 PM, 1, 2, 2, 0, 0, 2, 0, 0, 0.5, -8, 34.38073, 0, -5.518, -10.473, 0, 0, 0, 0, 0, 0, 0
, , , , 11-10-2023 12:45:17.848 PM, 1, 2, 2, 0, 0, 2, 0, 0, 0.5, -8, 35.22938, 0, -5.518, -10.473, 0, 0, 0, 0, 0, 0, 0
, , , , 11-10-2023 12:45:17.882 PM, 1, 2, 2, 0, 0, 2, 0, 0, 0.5, -8, 35.98858, 0, -5.518, -10.473, 0, 0, 0, 0, 0, 0, 0
, , , , 11-10-2023 12:45:17.915 PM, 1, 2, 2, 0, 0, 2, 0, 0, 0.5, -8, 36.74628, 0, -5.518, -10.473, 0, 0, 0, 0, 0, 0, 0
, , , , 11-10-2023 12:45:17.951 PM, 1, 2, 2, 0, 0, 2, 0, 0, 0.5, -8, 37.55133, 0, -5.518, -10.473, 0, 0, 0, 0, 0, 0, 0
, , , , 11-10-2023 12:45:17.988 PM, 1, 2, 2, 0, 0, 2, 0, 0, 0.5, -8, 38.39104, 0, -5.518, -10.473, 0, 0, 0, 0, 0, 0, 0
, , , , 11-10-2023 12:45:18.022 PM, 1, 2, 2, 0, 0, 2, 0, 0, 0.5, -8, 39.14058, 0, -5.518, -10.473, 0, 0, 0, 0, 0, 0, 0
, , , , 11-10-2023 12:45:18.060 PM, 1, 2, 2, 0, 0, 2, 0, 0, 0.5, -8, 40.00878, 0, -5.518, -10.473, 0, 0, 0, 0, 0, 0, 0
, , , , 11-10-2023 12:45:18.094 PM, 1, 2, 2, 0, 0, 2, 0, 0, 0.5, -8, 40.75917, 0, -5.518, -10.473, 0, 0, 0, 0, 0, 0, 0
, , , , 11-10-2023 12:45:18.132 PM, 1, 2, 2, 0, 0, 2, 0, 0, 0.5, -8, 41.61533, 0, -5.518, -10.473, 0, 0, 0, 0, 0, 0, 0
, , , , 11-10-2023 12:45:18.170 PM, 1, 2, 2, 0, 0, 2, 0, 0, 0.5, -8, 42.46882, 0, -5.518, -10.473, 0, 0, 0, 0, 0, 0, 0
, , , , 11-10-2023 12:45:18.207 PM, 1, 2, 2, 0, 0, 2, 0, 0, 0.5, -8, 43.31257, 0, -5.518, -10.473, 0, 0, 0, 0, 0, 0, 0
, , , , 11-10-2023 12:45:18.244 PM, 1, 2, 2, 0, 0, 2, 0, 0, 0.5, -8, 44.14712, 0, -5.518, -10.473, 0, 0, 0, 0, 0, 0, 0
, , , , 11-10-2023 12:45:18.281 PM, 1, 2, 2, 0, 0, 2, 0, 0, 0.5, -8, 44.98849, 0, -5.518, -10.473, 0, 0, 0, 0, 0, 0, 0
, , , , 11-10-2023 12:45:18.315 PM, 1, 2, 2, 0, 0, 2, 0, 0, 0.5, -8, 45.74584, 0, -5.518, -10.473, 0, 0, 0, 0, 0, 0, 0
, , , , 11-10-2023 12:45:18.349 PM, 1, 2, 2, 0, 0, 2, 0, 0, 0.5, -8, 46.51535, 0, -5.518, -10.473, 0, 0, 0, 0, 0, 0, 0
, , , , 11-10-2023 12:45:18.383 PM, 1, 2, 2, 0, 0, 2, 0, 0, 0.5, -8, 47.27155, 0, -5.518, -10.473, 0, 0, 0, 0, 0, 0, 0
, , , , 11-10-2023 12:45:18.422 PM, 1, 2, 2, 0, 0, 2, 0, 0, 0.5, -8, 48.13732, 0, -5.518, -10.473, 0, 0, 0, 0, 0, 0, 0
, , , , 11-10-2023 12:45:18.457 PM, 1, 2, 2, 0, 0, 2, 0, 0, 0.5, -8, 48.95897, 0, -5.518, -10.473, 0, 0, 0, 0, 0, 0, 0
, , , , 11-10-2023 12:45:18.496 PM, 1, 2, 2, 0, 0, 2, 0, 0, 0.5, -8, 49.79938, 0, -5.518, -10.473, 0, 0, 0, 0, 0, 0, 0
, , , , 11-10-2023 12:45:18.533 PM, 1, 2, 2, 0, 0, 2, 0, 0, 0.5, -8, 50.62962, 0, -5.518, -10.473, 0, 0, 0, 0, 0, 0, 0
, , , , 11-10-2023 12:45:18.571 PM, 1, 2, 2, 0, 0, 2, 0, 0, 0.5, -8, 51.48416, 0, -5.518, -10.473, 0, 0, 0, 0, 0, 0, 0
, , , , 11-10-2023 12:45:18.608 PM, 1, 2, 2, 0, 0, 2, 0, 0, 0.5, -8, 52.32966, 0, -5.518, -10.473, 0, 0, 0, 0, 0, 0, 0
, , , , 11-10-2023 12:45:18.642 PM, 1, 2, 2, 0, 0, 2, 0, 0, 0.5, -8, 53.07176, 0, -5.518, -10.473, 0, 0, 0, 0, 0, 0, 0
, , , , 11-10-2023 12:45:18.678 PM, 1, 2, 2, 0, 0, 2, 0, 0, 0.5, -8, 53.90409, 0, -5.518, -10.473, 0, 0, 0, 0, 0, 0, 0
, , , , 11-10-2023 12:45:18.715 PM, 1, 2, 2, 0, 0, 2, 0, 0, 0.5, -8, 54.75435, 0, -5.518, -10.473, 0, 0, 0, 0, 0, 0, 0
, , , , 11-10-2023 12:45:18.750 PM, 1, 2, 2, 0, 0, 2, 0, 0, 0.5, -8, 55.5306, 0, -5.518, -10.473, 0, 0, 0, 0, 0, 0, 0
, , , , 11-10-2023 12:45:18.785 PM, 1, 2, 2, 0, 0, 2, 0, 0, 0.5, -8, 56.3216, 0, -5.518, -10.473, 0, 0, 0, 0, 0, 0, 0
, , , , 11-10-2023 12:45:18.823 PM, 1, 2, 2, 0, 0, 2, 0, 0, 0.5, -8, 57.15519, 0, -5.518, -10.473, 0, 0, 0, 0, 0, 0, 0
, , , , 11-10-2023 12:45:18.861 PM, 1, 2, 2, 0, 0, 2, 0, 0, 0.5, -8, 58.02002, 0, -5.518, -10.473, 0, 0, 0, 0, 0, 0, 0
, , , , 11-10-2023 12:45:18.893 PM, 1, 2, 2, 0, 0, 2, 0, 0, 0.5, -8, 58.76187, 0, -5.518, -10.473, 0, 0, 0, 0, 0, 0, 0
, , , , 11-10-2023 12:45:18.932 PM, 1, 2, 2, 0, 0, 2, 0, 0, 0.5, -8, 59.62382, 0, -5.518, -10.473, 0, 0, 0, 0, 0, 0, 0
, , , , 11-10-2023 12:45:18.969 PM, 1, 2, 2, 0, 0, 2, 0, 0, 0.5, -8, 60.44871, 0, -5.518, -10.473, 0, 0, 0, 0, 0, 0, 0
, , , , 11-10-2023 12:45:19.006 PM, 1, 2, 2, 0, 0, 2, 0, 0, 0.5, -8, 61.28301, 0, -5.518, -10.473, 0, 0, 0, 0, 0, 0, 0
, , , , 11-10-2023 12:45:19.042 PM, 1, 2, 2, 0, 0, 2, 0, 0, 0.5, -8, 62.09171, 0, -5.518, -10.473, 0, 0, 0, 0, 0, 0, 0
, , , , 11-10-2023 12:45:19.079 PM, 1, 2, 2, 0, 0, 2, 0, 0, 0.5, -8, 62.92836, 0, -5.518, -10.473, 0, 0, 0, 0, 0, 0, 0
, , , , 11-10-2023 12:45:19.117 PM, 1, 2, 2, 0, 0, 2, 0, 0, 0.5, -8, 63.77522, 0, -5.518, -10.473, 0, 0, 0, 0, 0, 0, 0
, , , , 11-10-2023 12:45:19.151 PM, 1, 2, 2, 0, 0, 2, 0, 0, 0.5, -8, 64.54487, 0, -5.518, -10.473, 0, 0, 0, 0, 0, 0, 0
, , , , 11-10-2023 12:45:19.185 PM, 1, 2, 2, 0, 0, 2, 0, 0, 0.5, -8, 65.30885, 0, -5.518, -10.473, 0, 0, 0, 0, 0, 0, 0
, , , , 11-10-2023 12:45:19.218 PM, 1, 2, 2, 0, 0, 2, 0, 0, 0.5, -8, 66.04837, 0, -5.518, -10.473, 0, 0, 0, 0, 0, 0, 0
, , , , 11-10-2023 12:45:19.255 PM, 1, 2, 2, 0, 0, 2, 0, 0, 0.5, -8, 66.87386, 0, -5.518, -10.473, 0, 0, 0, 0, 0, 0, 0
, , , , 11-10-2023 12:45:19.291 PM, 1, 2, 2, 0, 0, 2, 0, 0, 0.5, -8, 67.70054, 0, -5.518, -10.473, 0, 0, 0, 0, 0, 0, 0
, , , , 11-10-2023 12:45:19.328 PM, 1, 2, 2, 0, 0, 2, 0, 0, 0.5, -8, 68.5425, 0, -5.518, -10.473, 0, 0, 0, 0, 0, 0, 0
, , , , 11-10-2023 12:45:19.362 PM, 1, 2, 2, 0, 0, 2, 0, 0, 0.5, -8, 69.2813, 0, -5.518, -10.473, 0, 0, 0, 0, 0, 0, 0
, , , , 11-10-2023 12:45:19.396 PM, 1, 2, 2, 0, 0, 2, 0, 0, 0.5, -8, 70.05563, 0, -5.518, -10.473, 0, 0, 0, 0, 0, 0, 0
, , , , 11-10-2023 12:45:19.429 PM, 1, 2, 2, 0, 0, 2, 0, 0, 0.5, -8, 70.8007, 0, -5.518, -10.473, 0, 0, 0, 0, 0, 0, 0
, , , , 11-10-2023 12:45:19.466 PM, 1, 2, 2, 0, 0, 2, 0, 0, 0.5, -8, 71.62937, 0, -5.518, -10.473, 0, 0, 0, 0, 0, 0, 0
, , , , 11-10-2023 12:45:19.504 PM, 1, 2, 2, 0, 0, 2, 0, 0, 0.5, -8, 72.46129, 0, -5.518, -10.473, 0, 0, 0, 0, 0, 0, 0
, , , , 11-10-2023 12:45:19.537 PM, 1, 2, 2, 0, 0, 2, 0, 0, 0.5, -8, 73.247, 0, -5.518, -10.473, 0, 0, 0, 0, 0, 0, 0
, , , , 11-10-2023 12:45:19.573 PM, 1, 2, 2, 0, 0, 2, 0, 0, 0.5, -8, 74.04646, 0, -5.518, -10.473, 0, 0, 0, 0, 0, 0, 0
, , , , 11-10-2023 12:45:19.608 PM, 1, 2, 2, 0, 0, 2, 0, 0, 0.5, -8, 74.83937, 0, -5.518, -10.473, 0, 0, 0, 0, 0, 0, 0
, , , , 11-10-2023 12:45:19.650 PM, 1, 2, 2, 0, 0, 2, 0, 0, 0.5, -8, 75.80411, 0, -5.518, -10.473, 0, 0, 0, 0, 0, 0, 0
, , , , 11-10-2023 12:45:19.688 PM, 1, 2, 2, 0, 0, 2, 0, 0, 0.5, -8, 76.62699, 0, -5.518, -10.473, 0, 0, 0, 0, 0, 0, 0
, , , , 11-10-2023 12:45:19.724 PM, 1, 2, 2, 0, 0, 2, 0, 0, 0.5, -8, 77.41451, 0, -5.518, -10.473, 0, 0, 0, 0, 0, 0, 0
, , , , 11-10-2023 12:45:19.758 PM, 1, 2, 2, 0, 0, 2, 0, 0, 0.5, -8, 78.20597, 0, -5.518, -10.473, 0, 0, 0, 0, 0, 0, 0
, , , , 11-10-2023 12:45:19.794 PM, 1, 2, 2, 0, 0, 2, 0, 0, 0.5, -8, 79.00477, 0, -5.518, -10.473, 0, 0, 0, 0, 0, 0, 0
, , , , 11-10-2023 12:45:19.830 PM, 1, 2, 2, 0, 0, 2, 0, 0, 0.5, -8, 79.82352, 0, -5.518, -10.473, 0, 0, 0, 0, 0, 0, 0
, , , , 11-10-2023 12:45:19.865 PM, 1, 2, 2, 0, 0, 2, 0, 0, 0.5, -8, 80.5966, 0, -5.518, -10.473, 0, 0, 0, 0, 0, 0, 0
, , , , 11-10-2023 12:45:19.900 PM, 1, 2, 2, 0, 0, 2, 0, 0, 0.5, -8, 81.39679, 0, -5.518, -10.473, 0, 0, 0, 0, 0, 0, 0
, , , , 11-10-2023 12:45:19.936 PM, 1, 2, 2, 0, 0, 2, 0, 0, 0.5, -8, 82.21194, 0, -5.518, -10.473, 0, 0, 0, 0, 0, 0, 0
, , , , 11-10-2023 12:45:19.971 PM, 1, 2, 2, 0, 0, 2, 0, 0, 0.5, -8, 82.99426, 0, -5.518, -10.473, 0, 0, 0, 0, 0, 0, 0
, , , , 11-10-2023 12:45:20.008 PM, 1, 2, 2, 0, 0, 2, 0, 0, 0.5, -8, 83.80354, 0, -5.518, -10.473, 0, 0, 0, 0, 0, 0, 0
, , , , 11-10-2023 12:45:20.044 PM, 1, 2, 2, 0, 0, 2, 0, 0, 0.5, -8, 84.62972, 0, -5.518, -10.473, 0, 0, 0, 0, 0, 0, 0
, , , , 11-10-2023 12:45:20.082 PM, 1, 2, 2, 0, 0, 2, 0, 0, 0.5, -8, 85.49743, 0, -5.518, -10.473, 0, 0, 0, 0, 0, 0, 0
, , , , 11-10-2023 12:45:20.118 PM, 1, 2, 2, 0, 0, 2, 0, 0, 0.5, -8, 86.31033, 0, -5.518, -10.473, 0, 0, 0, 0, 0, 0, 0
, , , , 11-10-2023 12:45:20.156 PM, 1, 2, 2, 0, 0, 2, 0, 0, 0.5, -8, 87.15762, 0, -5.518, -10.473, 0, 0, 0, 0, 0, 0, 0
, , , , 11-10-2023 12:45:20.194 PM, 1, 2, 2, 0, 0, 2, 0, 0, 0.5, -8, 88.02132, 0, -5.518, -10.473, 0, 0, 0, 0, 0, 0, 0
, , , , 11-10-2023 12:45:20.230 PM, 1, 2, 2, 0, 0, 2, 0, 0, 0.5, -8, 88.81116, 0, -5.518, -10.473, 0, 0, 0, 0, 0, 0, 0
, , , , 11-10-2023 12:45:20.263 PM, 1, 2, 2, 0, 0, 2, 0, 0, 0.5, -8, 89.556, 0, -5.518, -10.473, 0, 0, 0, 0, 0, 0, 0
, , , , 11-10-2023 12:45:20.299 PM, 1, 2, 2, 0, 0, 2, 0, 0, 0.5, -8, 90.3803, 0, -5.518, -10.473, 0, 0, 0, 0, 0, 0, 0
, , , , 11-10-2023 12:45:20.348 PM, 1, 2, 2, 0, 0, 2, 0, 0, 0.5, -8, 91.47904, 0, -5.518, -10.473, 0, 0, 0, 0, 0, 0, 0
, , , , 11-10-2023 12:45:20.383 PM, 1, 2, 2, 0, 0, 2, 0, 0, 0.5, -8, 92.28056, 0, -5.518, -10.473, 0, 0, 0, 0, 0, 0, 0
, , , , 11-10-2023 12:45:20.418 PM, 1, 2, 2, 0, 0, 2, 0, 0, 0.5, -8, 93.07181, 0, -5.518, -10.473, 0, 0, 0, 0, 0, 0, 0
, , , , 11-10-2023 12:45:20.453 PM, 1, 2, 2, 0, 0, 2, 0, 0, 0.5, -8, 93.85255, 0, -5.518, -10.473, 0, 0, 0, 0, 0, 0, 0
, , , , 11-10-2023 12:45:20.492 PM, 1, 2, 2, 0, 0, 2, 0, 0, 0.5, -8, 94.71595, 0, -5.518, -10.473, 0, 0, 0, 0, 0, 0, 0
, , , , 11-10-2023 12:45:20.527 PM, 1, 2, 2, 0, 0, 2, 0, 0, 0.5, -8, 95.51783, 0, -5.518, -10.473, 0, 0, 0, 0, 0, 0, 0
, , , , 11-10-2023 12:45:20.563 PM, 1, 2, 2, 0, 0, 2, 0, 0, 0.5, -8, 96.30971, 0, -5.518, -10.473, 0, 0, 0, 0, 0, 0, 0
, , , , 11-10-2023 12:45:20.601 PM, 1, 2, 2, 0, 0, 2, 0, 0, 0.5, -8, 97.17517, 0, -5.518, -10.473, 0, 0, 0, 0, 0, 0, 0
, , , , 11-10-2023 12:45:20.635 PM, 1, 2, 2, 0, 0, 2, 0, 0, 0.5, -8, 97.94596, 0, -5.518, -10.473, 0, 0, 0, 0, 0, 0, 0
, , , , 11-10-2023 12:45:20.673 PM, 1, 2, 2, 0, 0, 2, 0, 0, 0.5, -8, 98.79306, 0, -5.518, -10.473, 0, 0, 0, 0, 0, 0, 0
, , , , 11-10-2023 12:45:20.711 PM, 1, 2, 2, 0, 0, 2, 0, 0, 0.5, -8, 99.65745, 0, -5.518, -10.473, 0, 0, 0, 0, 0, 0, 0
, , , , 11-10-2023 12:45:20.748 PM, 1, 2, 2, 0, 0, 2, 0, 0, 0.5, -8, 100.481, 0, -5.518, -10.473, 0, 0, 0, 0, 0, 0, 0
, , , , 11-10-2023 12:45:20.785 PM, 1, 2, 2, 0, 0, 2, 0, 0, 0.5, -8, 101.32, 0, -5.518, -10.473, 0, 0, 0, 0, 0, 0, 0
, , , , 11-10-2023 12:45:20.829 PM, 1, 2, 2, 0, 0, 2, 0, 0, 0.5, -8, 102.2932, 0, -5.518, -10.473, 0, 0, 0, 0, 0, 0, 0
, , , , 11-10-2023 12:45:20.856 PM, 1, 2, 2, 0, 0, 2, 0, 0, 0.5, -8, 102.9278, 0, -5.518, -10.473, 0, 0, 0, 0, 0, 0, 0
, , , , 11-10-2023 12:45:20.893 PM, 1, 2, 2, 0, 0, 2, 0, 0, 0.5, -8, 103.7474, 0, -5.518, -10.473, 0, 0, 0, 0, 0, 0, 0
, , , , 11-10-2023 12:45:20.930 PM, 1, 2, 2, 0, 0, 2, 0, 0, 0.5, -8, 104.5927, 0, -5.518, -10.473, 0, 0, 0, 0, 0, 0, 0
, , , , 11-10-2023 12:45:20.966 PM, 1, 2, 2, 0, 0, 2, 0, 0, 0.5, -8, 105.4003, 0, -5.518, -10.473, 0, 0, 0, 0, 0, 0, 0
, , , , 11-10-2023 12:45:21.003 PM, 1, 2, 2, 0, 0, 2, 0, 0, 0.5, -8, 106.2249, 0, -5.518, -10.473, 0, 0, 0, 0, 0, 0, 0
, , , , 11-10-2023 12:45:21.041 PM, 1, 2, 2, 0, 0, 2, 0, 0, 0.5, -8, 107.0768, 0, -5.518, -10.473, 0, 0, 0, 0, 0, 0, 0
, , , , 11-10-2023 12:45:21.077 PM, 1, 2, 2, 0, 0, 2, 0, 0, 0.5, -8, 107.8961, 0, -5.518, -10.473, 0, 0, 0, 0, 0, 0, 0
, , , , 11-10-2023 12:45:21.114 PM, 1, 2, 2, 0, 0, 2, 0, 0, 0.5, -8, 108.7279, 0, -5.518, -10.473, 0, 0, 0, 0, 0, 0, 0
, , , , 11-10-2023 12:45:21.152 PM, 1, 2, 2, 0, 0, 2, 0, 0, 0.5, -8, 109.5671, 0, -5.518, -10.473, 0, 0, 0, 0, 0, 0, 0
, , , , 11-10-2023 12:45:21.190 PM, 1, 2, 2, 0, 0, 2, 0, 0, 0.5, -8, 110.4213, 0, -5.518, -10.473, 0, 0, 0, 0, 0, 0, 0
, , , , 11-10-2023 12:45:21.224 PM, 1, 2, 2, 0, 0, 2, 0, 0, 0.5, -8, 111.2006, 0, -5.518, -10.473, 0, 0, 0, 0, 0, 0, 0
, , , , 11-10-2023 12:45:21.260 PM, 1, 2, 2, 0, 0, 2, 0, 0, 0.5, -8, 112.0047, 0, -5.518, -10.473, 0, 0, 0, 0, 0, 0, 0
, , , , 11-10-2023 12:45:21.293 PM, 1, 2, 2, 0, 0, 2, 0, 0, 0.5, -8, 112.7605, 0, -5.518, -10.473, 0, 0, 0, 0, 0, 0, 0
, , , , 11-10-2023 12:45:21.329 PM, 1, 2, 2, 0, 0, 2, 0, 0, 0.5, -8, 113.5727, 0, -5.518, -10.473, 0, 0, 0, 0, 0, 0, 0
, , , , 11-10-2023 12:45:21.366 PM, 1, 2, 2, 0, 0, 2, 0, 0, 0.5, -8, 114.3795, 0, -5.518, -10.473, 0, 0, 0, 0, 0, 0, 0
, , , , 11-10-2023 12:45:21.400 PM, 1, 2, 2, 0, 0, 2, 0, 0, 0.5, -8, 115.1629, 0, -5.518, -10.473, 0, 0, 0, 0, 0, 0, 0
, , , , 11-10-2023 12:45:21.436 PM, 1, 2, 2, 0, 0, 2, 0, 0, 0.5, -8, 115.9598, 0, -5.518, -10.473, 0, 0, 0, 0, 0, 0, 0
, , , , 11-10-2023 12:45:21.480 PM, 1, 2, 2, 0, 0, 2, 0, 0, 0.5, -8, 116.9412, 0, -5.518, -10.473, 0, 0, 0, 0, 0, 0, 0
, , , , 11-10-2023 12:45:21.512 PM, 1, 2, 2, 0, 0, 2, 0, 0, 0.5, -8, 117.671, 0, -5.518, -10.473, 0, 0, 0, 0, 0, 0, 0
, , , , 11-10-2023 12:45:21.547 PM, 1, 2, 2, 0, 0, 2, 0, 0, 0.5, -8, 118.4763, 0, -5.518, -10.473, 0, 0, 0, 0, 0, 0, 0
, , , , 11-10-2023 12:45:21.583 PM, 1, 2, 2, 0, 0, 2, 0, 0, 0.5, -8, 119.2632, 0, -5.518, -10.473, 0, 0, 0, 0, 0, 0, 0
, , , , 11-10-2023 12:45:21.618 PM, 1, 2, 2, 0, 0, 2, 0, 0, 0.5, -8, 120.0527, 0, -5.518, -10.473, 0, 0, 0, 0, 0, 0, 0
, , , , 11-10-2023 12:45:21.653 PM, 1, 2, 2, 0, 0, 2, 0, 0, 0.5, -8, 120.831, 0, -5.518, -10.473, 0, 0, 0, 0, 0, 0, 0
, , , , 11-10-2023 12:45:21.688 PM, 1, 2, 2, 0, 0, 2, 0, 0, 0.5, -8, 121.6314, 0, -5.518, -10.473, 0, 0, 0, 0, 0, 0, 0
, , , , 11-10-2023 12:45:21.724 PM, 1, 2, 2, 0, 0, 2, 0, 0, 0.5, -8, 122.4201, 0, -5.518, -10.473, 0, 0, 0, 0, 0, 0, 0
, , , , 11-10-2023 12:45:21.759 PM, 1, 2, 2, 0, 0, 2, 0, 0, 0.5, -8, 123.207, 0, -5.518, -10.473, 0, 0, 0, 0, 0, 0, 0
, , , , 11-10-2023 12:45:21.794 PM, 1, 2, 2, 0, 0, 2, 0, 0, 0.5, -8, 124.0034, 0, -5.518, -10.473, 0, 0, 0, 0, 0, 0, 0
, , , , 11-10-2023 12:45:21.828 PM, 1, 2, 2, 0, 0, 2, 0, 0, 0.5, -8, 124.7672, 0, -5.518, -10.473, 0, 0, 0, 0, 0, 0, 0
, , , , 11-10-2023 12:45:21.864 PM, 1, 2, 2, 0, 0, 2, 0, 0, 0.5, -8, 125.5824, 0, -5.518, -10.473, 0, 0, 0, 0, 0, 0, 0
, , , , 11-10-2023 12:45:21.899 PM, 1, 2, 2, 0, 0, 2, 0, 0, 0.5, -8, 126.3782, 0, -5.518, -10.473, 0, 0, 0, 0, 0, 0, 0
, , , , 11-10-2023 12:45:21.936 PM, 1, 2, 2, 0, 0, 2, 0, 0, 0.5, -8, 127.2041, 0, -5.518, -10.473, 0, 0, 0, 0, 0, 0, 0
, , , , 11-10-2023 12:45:21.974 PM, 1, 2, 2, 0, 0, 2, 0, 0, 0.5, -8, 128.0602, 0, -5.518, -10.473, 0, 0, 0, 0, 0, 0, 0
, , , , 11-10-2023 12:45:22.010 PM, 1, 2, 2, 0, 0, 2, 0, 0, 0.5, -8, 128.8658, 0, -5.518, -10.473, 0, 0, 0, 0, 0, 0, 0
, , , , 11-10-2023 12:45:22.047 PM, 1, 2, 2, 0, 0, 2, 0, 0, 0.5, -8, 129.6956, 0, -5.518, -10.473, 0, 0, 0, 0, 0, 0, 0
, , , , 11-10-2023 12:45:22.087 PM, 1, 2, 2, 0, 0, 2, 0, 0, 0.5, -8, 130.5885, 0, -5.518, -10.473, 0, 0, 0, 0, 0, 0, 0
, , , , 11-10-2023 12:45:22.122 PM, 1, 2, 2, 0, 0, 2, 0, 0, 0.5, -8, 131.3812, 0, -5.518, -10.473, 0, 0, 0, 0, 0, 0, 0
, , , , 11-10-2023 12:45:22.159 PM, 1, 2, 2, 0, 0, 2, 0, 0, 0.5, -8, 132.2243, 0, -5.518, -10.473, 0, 0, 0, 0, 0, 0, 0
, , , , 11-10-2023 12:45:22.192 PM, 1, 2, 2, 0, 0, 2, 0, 0, 0.5, -8, 132.9854, 0, -5.518, -10.473, 0, 0, 0, 0, 0, 0, 0
, , , , 11-10-2023 12:45:22.229 PM, 1, 2, 2, 0, 0, 2, 0, 0, 0.5, -8, 133.8056, 0, -5.518, -10.473, 0, 0, 0, 0, 0, 0, 0
, , , , 11-10-2023 12:45:22.266 PM, 1, 2, 2, 0, 0, 2, 0, 0, 0.5, -8, 134.6329, 0, -5.518, -10.473, 0, 0, 0, 0, 0, 0, 0
, , , , 11-10-2023 12:45:22.309 PM, 1, 2, 2, 0, 0, 2, 0, 0, 0.5, -8, 135.5972, 0, -5.518, -10.473, 0, 0, 0, 0, 0, 0, 0
, , , , 11-10-2023 12:45:22.336 PM, 1, 2, 2, 0, 0, 2, 0, 0, 0.5, -8, 136.2234, 0, -5.518, -10.473, 0, 0, 0, 0, 0, 0, 0
, , , , 11-10-2023 12:45:22.370 PM, 1, 2, 2, 0, 0, 2, 0, 0, 0.5, -8, 136.9736, 0, -5.518, -10.473, 0, 0, 0, 0, 0, 0, 0
, , , , 11-10-2023 12:45:22.408 PM, 1, 2, 2, 0, 0, 2, 0, 0, 0.5, -8, 137.8246, 0, -5.518, -10.473, 0, 0, 0, 0, 0, 0, 0
, , , , 11-10-2023 12:45:22.441 PM, 1, 2, 2, 0, 0, 2, 0, 0, 0.5, -8, 138.5732, 0, -5.518, -10.473, 0, 0, 0, 0, 0, 0, 0
, , , , 11-10-2023 12:45:22.478 PM, 1, 2, 2, 0, 0, 2, 0, 0, 0.5, -8, 139.4225, 0, -5.518, -10.473, 0, 0, 0, 0, 0, 0, 0
, , , , 11-10-2023 12:45:22.512 PM, 1, 2, 2, 0, 0, 2, 0, 0, 0.5, -8, 140.1713, 0, -5.518, -10.473, 0, 0, 0, 0, 0, 0, 0
, , , , 11-10-2023 12:45:22.546 PM, 1, 2, 2, 0, 0, 2, 0, 0, 0.5, -8, 140.9441, 0, -5.518, -10.473, 0, 0, 0, 0, 0, 0, 0
, , , , 11-10-2023 12:45:22.579 PM, 1, 2, 2, 0, 0, 2, 0, 0, 0.5, -8, 141.6864, 0, -5.518, -10.473, 0, 0, 0, 0, 0, 0, 0
, , , , 11-10-2023 12:45:22.616 PM, 1, 2, 2, 0, 0, 2, 0, 0, 0.5, -8, 142.5153, 0, -5.518, -10.473, 0, 0, 0, 0, 0, 0, 0
, , , , 11-10-2023 12:45:22.652 PM, 1, 2, 2, 0, 0, 2, 0, 0, 0.5, -8, 143.3366, 0, -5.518, -10.473, 0, 0, 0, 0, 0, 0, 0
, , , , 11-10-2023 12:45:22.689 PM, 1, 2, 2, 0, 0, 2, 0, 0, 0.5, -8, 144.1606, 0, -5.518, -10.473, 0, 0, 0, 0, 0, 0, 0
, , , , 11-10-2023 12:45:22.724 PM, 1, 2, 2, 0, 0, 2, 0, 0, 0.5, -8, 144.9528, 0, -5.518, -10.473, 0, 0, 0, 0, 0, 0, 0
, , , , 11-10-2023 12:45:22.762 PM, 1, 2, 2, 0, 0, 2, 0, 0, 0.5, -8, 145.8013, 0, -5.518, -10.473, 0, 0, 0, 0, 0, 0, 0
, , , , 11-10-2023 12:45:22.804 PM, 1, 2, 2, 0, 0, 2, 0, 0, 0.5, -8, 146.7313, 0, -5.518, -10.473, 0, 0, 0, 0, 0, 0, 0
, , , , 11-10-2023 12:45:22.837 PM, 1, 2, 2, 0, 0, 2, 0, 0, 0.5, -8, 147.4645, 0, -5.518, -10.473, 0, 0, 0, 0, 0, 0, 0
, , , , 11-10-2023 12:45:22.873 PM, 1, 2, 2, 0, 0, 2, 0, 0, 0.5, -8, 148.2909, 0, -5.518, -10.473, 0, 0, 0, 0, 0, 0, 0
, , , , 11-10-2023 12:45:22.910 PM, 1, 2, 2, 0, 0, 2, 0, 0, 0.5, -8, 149.1378, 0, -5.518, -10.473, 0, 0, 0, 0, 0, 0, 0
, , , , 11-10-2023 12:45:22.947 PM, 1, 2, 2, 0, 0, 2, 0, 0, 0.5, -8, 149.9616, 0, -5.518, -10.473, 0, 0, 0, 0, 0, 0, 0
, , , , 11-10-2023 12:45:22.984 PM, 1, 2, 2, 0, 0, 2, 0, 0, 0.5, -8, 150.7943, 0, -5.518, -10.473, 0, 0, 0, 0, 0, 0, 0
, , , , 11-10-2023 12:45:23.016 PM, 1, 2, 2, 0, 0, 2, 0, 0, 0.5, -8, 151.5086, 0, -5.518, -10.473, 0, 0, 0, 0, 0, 0, 0
, , , , 11-10-2023 12:45:23.061 PM, 1, 2, 2, 0, 0, 2, 0, 0, 0.5, -8, 152.5127, 0, -5.518, -10.473, 0, 0, 0, 0, 0, 0, 0
, , , , 11-10-2023 12:45:23.091 PM, 1, 2, 2, 0, 0, 2, 0, 0, 0.5, -8, 153.1841, 0, -5.518, -10.473, 0, 0, 0, 0, 0, 0, 0
, , , , 11-10-2023 12:45:23.128 PM, 1, 2, 2, 0, 0, 2, 0, 0, 0.5, -8, 154.0207, 0, -5.518, -10.473, 0, 0, 0, 0, 0, 0, 0
, , , , 11-10-2023 12:45:23.164 PM, 1, 2, 2, 0, 0, 2, 0, 0, 0.5, -8, 154.8414, 0, -5.518, -10.473, 0, 0, 0, 0, 0, 0, 0
, , , , 11-10-2023 12:45:23.200 PM, 1, 2, 2, 0, 0, 2, 0, 0, 0.5, -8, 155.654, 0, -5.518, -10.473, 0, 0, 0, 0, 0, 0, 0
, , , , 11-10-2023 12:45:23.239 PM, 1, 2, 2, 0, 0, 2, 0, 0, 0.5, -8, 156.5333, 0, -5.518, -10.473, 0, 0, 0, 0, 0, 0, 0
, , , , 11-10-2023 12:45:23.269 PM, 1, 2, 2, 0, 0, 2, 0, 0, 0.5, -8, 157.2027, 0, -5.518, -10.473, 0, 0, 0, 0, 0, 0, 0
, , , , 11-10-2023 12:45:23.310 PM, 1, 2, 2, 0, 0, 2, 0, 0, 0.5, -8, 158.131, 0, -5.518, -10.473, 0, 0, 0, 0, 0, 0, 0
, , , , 11-10-2023 12:45:23.342 PM, 1, 2, 2, 0, 0, 2, 0, 0, 0.5, -8, 158.849, 0, -5.518, -10.473, 0, 0, 0, 0, 0, 0, 0
, , , , 11-10-2023 12:45:23.379 PM, 1, 2, 2, 0, 0, 2, 0, 0, 0.5, -8, 159.6778, 0, -5.518, -10.473, 0, 0, 0, 0, 0, 0, 0
, , , , 11-10-2023 12:45:23.412 PM, 1, 2, 2, 0, 0, 2, 0, 0, 0.5, -8, 160.4336, 0, -5.518, -10.473, 0, 0, 0, 0, 0, 0, 0
, , , , 11-10-2023 12:45:23.449 PM, 1, 2, 2, 0, 0, 2, 0, 0, 0.5, -8, 161.2525, 0, -5.518, -10.473, 0, 0, 0, 0, 0, 0, 0
, , , , 11-10-2023 12:45:23.487 PM, 1, 2, 2, 0, 0, 2, 0, 0, 0.5, -8, 162.1159, 0, -5.518, -10.473, 0, 0, 0, 0, 0, 0, 0
, , , , 11-10-2023 12:45:23.525 PM, 1, 2, 2, 0, 0, 2, 0, 0, 0.5, -8, 162.9644, 0, -5.518, -10.473, 0, 0, 0, 0, 0, 0, 0
, , , , 11-10-2023 12:45:23.558 PM, 1, 2, 2, 0, 0, 2, 0, 0, 0.5, -8, 163.7067, 0, -5.518, -10.473, 0, 0, 0, 0, 0, 0, 0
, , , , 11-10-2023 12:45:23.592 PM, 1, 2, 2, 0, 0, 2, 0, 0, 0.5, -8, 164.4705, 0, -5.518, -10.473, 0, 0, 0, 0, 0, 0, 0
, , , , 11-10-2023 12:45:23.630 PM, 1, 2, 2, 0, 0, 2, 0, 0, 0.5, -8, 165.3242, 0, -5.518, -10.473, 0, 0, 0, 0, 0, 0, 0
, , , , 11-10-2023 12:45:23.667 PM, 1, 2, 2, 0, 0, 2, 0, 0, 0.5, -8, 166.164, 0, -5.518, -10.473, 0, 0, 0, 0, 0, 0, 0
, , , , 11-10-2023 12:45:23.709 PM, 1, 2, 2, 0, 0, 2, 0, 0, 0.5, -8, 167.1129, 0, -5.518, -10.473, 0, 0, 0, 0, 0, 0, 0
, , , , 11-10-2023 12:45:23.742 PM, 1, 2, 2, 0, 0, 2, 0, 0, 0.5, -8, 167.8453, 0, -5.518, -10.473, 0, 0, 0, 0, 0, 0, 0
, , , , 11-10-2023 12:45:23.780 PM, 1, 2, 2, 0, 0, 2, 0, 0, 0.5, -8, 168.6911, 0, -5.518, -10.473, 0, 0, 0, 0, 0, 0, 0
, , , , 11-10-2023 12:45:23.813 PM, 1, 2, 2, 0, 0, 2, 0, 0, 0.5, -8, 169.4532, 0, -5.518, -10.473, 0, 0, 0, 0, 0, 0, 0
, , , , 11-10-2023 12:45:23.851 PM, 1, 2, 2, 0, 0, 2, 0, 0, 0.5, -8, 170.2924, 0, -5.518, -10.473, 0, 0, 0, 0, 0, 0, 0
, , , , 11-10-2023 12:45:23.889 PM, 1, 2, 2, 0, 0, 2, 0, 0, 0.5, -8, 171.1533, 0, -5.518, -10.473, 0, 0, 0, 0, 0, 0, 0
, , , , 11-10-2023 12:45:23.925 PM, 1, 2, 2, 0, 0, 2, 0, 0, 0.5, -8, 171.971, 0, -5.518, -10.473, 0, 0, 0, 0, 0, 0, 0
, , , , 11-10-2023 12:45:23.962 PM, 1, 2, 2, 0, 0, 2, 0, 0, 0.5, -8, 172.791, 0, -5.518, -10.473, 0, 0, 0, 0, 0, 0, 0
, , , , 11-10-2023 12:45:23.999 PM, 1, 2, 2, 0, 0, 2, 0, 0, 0.5, -8, 173.6289, 0, -5.518, -10.473, 0, 0, 0, 0, 0, 0, 0
, , , , 11-10-2023 12:45:24.037 PM, 1, 2, 2, 0, 0, 2, 0, 0, 0.5, -8, 174.4815, 0, -5.518, -10.473, 0, 0, 0, 0, 0, 0, 0
, , , , 11-10-2023 12:45:24.074 PM, 1, 2, 2, 0, 0, 2, 0, 0, 0.5, -8, 175.3209, 0, -5.518, -10.473, 0, 0, 0, 0, 0, 0, 0
, , , , 11-10-2023 12:45:24.112 PM, 1, 2, 2, 0, 0, 2, 0, 0, 0.5, -8, 176.1775, 0, -5.518, -10.473, 0, 0, 0, 0, 0, 0, 0
, , , , 11-10-2023 12:45:24.150 PM, 1, 2, 2, 0, 0, 2, 0, 0, 0.5, -8, 177.0228, 0, -5.518, -10.473, 0, 0, 0, 0, 0, 0, 0
, , , , 11-10-2023 12:45:24.186 PM, 1, 2, 2, 0, 0, 2, 0, 0, 0.5, -8, 177.8315, 0, -5.518, -10.473, 0, 0, 0, 0, 0, 0, 0
, , , , 11-10-2023 12:45:24.224 PM, 1, 2, 2, 0, 0, 2, 0, 0, 0.5, -8, 178.6851, 0, -5.518, -10.473, 0, 0, 0, 0, 0, 0, 0
, , , , 11-10-2023 12:45:24.261 PM, 1, 2, 2, 0, 0, 2, 0, 0, 0.5, -8, 179.5197, 0, -5.518, -10.473, 0, 0, 0, 0, 0, 0, 0
, , , , 11-10-2023 12:45:24.304 PM, 1, 2, 2, 0, 0, 2, 0, 0, 0.5, -8, 180.4811, 0, -5.518, -10.473, 0, 0, 0, 0, 0, 0, 0
, , , , 11-10-2023 12:45:24.336 PM, 1, 2, 2, 0, 0, 2, 0, 0, 0.5, -8, 181.2044, 0, -5.518, -10.473, 0, 0, 0, 0, 0, 0, 0
, , , , 11-10-2023 12:45:24.369 PM, 1, 2, 2, 0, 0, 2, 0, 0, 0.5, -8, 181.961, 0, -5.518, -10.473, 0, 0, 0, 0, 0, 0, 0
, , , , 11-10-2023 12:45:24.406 PM, 1, 2, 2, 0, 0, 2, 0, 0, 0.5, -8, 182.78, 0, -5.518, -10.473, 0, 0, 0, 0, 0, 0, 0
, , , , 11-10-2023 12:45:24.444 PM, 1, 2, 2, 0, 0, 2, 0, 0, 0.5, -8, 183.6341, 0, -5.518, -10.473, 0, 0, 0, 0, 0, 0, 0
, , , , 11-10-2023 12:45:24.481 PM, 1, 2, 2, 0, 0, 2, 0, 0, 0.5, -8, 184.4704, 0, -5.518, -10.473, 0, 0, 0, 0, 0, 0, 0
, , , , 11-10-2023 12:45:24.515 PM, 1, 2, 2, 0, 0, 2, 0, 0, 0.5, -8, 185.2556, 0, -5.518, -10.473, 0, 0, 0, 0, 0, 0, 0
, , , , 11-10-2023 12:45:24.552 PM, 1, 2, 2, 0, 0, 2, 0, 0, 0.5, -8, 186.0755, 0, -5.518, -10.473, 0, 0, 0, 0, 0, 0, 0
, , , , 11-10-2023 12:45:24.590 PM, 1, 2, 2, 0, 0, 2, 0, 0, 0.5, -8, 186.9231, 0, -5.518, -10.473, 0, 0, 0, 0, 0, 0, 0
, , , , 11-10-2023 12:45:24.626 PM, 1, 2, 2, 0, 0, 2, 0, 0, 0.5, -8, 187.7212, 0, -5.518, -10.473, 0, 0, 0, 0, 0, 0, 0
, , , , 11-10-2023 12:45:24.660 PM, 1, 2, 2, 0, 0, 2, 0, 0, 0.5, -8, 188.4878, 0, -5.518, -10.473, 0, 0, 0, 0, 0, 0, 0
, , , , 11-10-2023 12:45:24.693 PM, 1, 2, 2, 0, 0, 2, 0, 0, 0.5, -8, 189.2495, 0, -5.518, -10.473, 0, 0, 0, 0, 0, 0, 0
, , , , 11-10-2023 12:45:24.731 PM, 1, 2, 2, 0, 0, 2, 0, 0, 0.5, -8, 190.098, 0, -5.518, -10.473, 0, 0, 0, 0, 0, 0, 0
, , , , 11-10-2023 12:45:24.766 PM, 1, 2, 2, 0, 0, 2, 0, 0, 0.5, -8, 190.8773, 0, -5.518, -10.473, 0, 0, 0, 0, 0, 0, 0
, , , , 11-10-2023 12:45:24.799 PM, 1, 2, 2, 0, 0, 2, 0, 0, 0.5, -8, 191.6208, 0, -5.518, -10.473, 0, 0, 0, 0, 0, 0, 0
, , , , 11-10-2023 12:45:24.837 PM, 1, 2, 2, 0, 0, 2, 0, 0, 0.5, -8, 192.4675, 0, -5.518, -10.473, 0, 0, 0, 0, 0, 0, 0
, , , , 11-10-2023 12:45:24.872 PM, 1, 2, 2, 0, 0, 2, 0, 0, 0.5, -8, 193.253, 0, -5.518, -10.473, 0, 0, 0, 0, 0, 0, 0
, , , , 11-10-2023 12:45:24.907 PM, 1, 2, 2, 0, 0, 2, 0, 0, 0.5, -8, 194.0636, 0, -5.518, -10.473, 0, 0, 0, 0, 0, 0, 0
, , , , 11-10-2023 12:45:24.944 PM, 1, 2, 2, 0, 0, 2, 0, 0, 0.5, -8, 194.8982, 0, -5.518, -10.473, 0, 0, 0, 0, 0, 0, 0
, , , , 11-10-2023 12:45:24.981 PM, 1, 2, 2, 0, 0, 2, 0, 0, 0.5, -8, 195.7362, 0, -5.518, -10.473, 0, 0, 0, 0, 0, 0, 0
, , , , 11-10-2023 12:45:25.019 PM, 1, 2, 2, 0, 0, 2, 0, 0, 0.5, -8, 196.5747, 0, -5.518, -10.473, 0, 0, 0, 0, 0, 0, 0
, , , , 11-10-2023 12:45:25.053 PM, 1, 2, 2, 0, 0, 2, 0, 0, 0.5, -8, 197.3412, 0, -5.518, -10.473, 0, 0, 0, 0, 0, 0, 0
, , , , 11-10-2023 12:45:25.088 PM, 1, 2, 2, 0, 0, 2, 0, 0, 0.5, -8, 198.1379, 0, -5.518, -10.473, 0, 0, 0, 0, 0, 0, 0
, , , , 11-10-2023 12:45:25.123 PM, 1, 2, 2, 0, 0, 2, 0, 0, 0.5, -8, 198.9061, 0, -5.518, -10.473, 0, 0, 0, 0, 0, 0, 0
, , , , 11-10-2023 12:45:25.159 PM, 1, 2, 2, 0, 0, 2, 0, 0, 0.5, -8, 199.7307, 0, -5.518, -10.473, 0, 0, 0, 0, 0, 0, 0
, , , , 11-10-2023 12:45:25.194 PM, 1, 2, 2, 0, 0, 2, 0, 0, 0.5, -8, 200.5038, 0, -5.518, -10.473, 0, 0, 0, 0, 0, 0, 0
, , , , 11-10-2023 12:45:25.231 PM, 1, 2, 2, 0, 0, 2, 0, 0, 0.5, -8, 201.3423, 0, -5.518, -10.473, 0, 0, 0, 0, 0, 0, 0
, , , , 11-10-2023 12:45:25.266 PM, 1, 2, 2, 0, 0, 2, 0, 0, 0.5, -8, 202.1401, 0, -5.518, -10.473, 0, 0, 0, 0, 0, 0, 0
, , , , 11-10-2023 12:45:25.301 PM, 1, 2, 2, 0, 0, 2, 0, 0, 0.5, -8, 202.9245, 0, -5.518, -10.473, 0, 0, 0, 0, 0, 0, 0
, , , , 11-10-2023 12:45:25.348 PM, 1, 2, 2, 0, 0, 2, 0, 0, 0.5, -8, 203.9722, 0, -5.518, -10.473, 0, 0, 0, 0, 0, 0, 0
, , , , 11-10-2023 12:45:25.379 PM, 1, 2, 2, 0, 0, 2, 0, 0, 0.5, -8, 204.6881, 0, -5.518, -10.473, 0, 0, 0, 0, 0, 0, 0
, , , , 11-10-2023 12:45:25.416 PM, 1, 2, 2, 0, 0, 2, 0, 0, 0.5, -8, 205.5083, 0, -5.518, -10.473, 0, 0, 0, 0, 0, 0, 0
, , , , 11-10-2023 12:45:25.453 PM, 1, 2, 2, 0, 0, 2, 0, 0, 0.5, -8, 206.3243, 0, -5.518, -10.473, 0, 0, 0, 0, 0, 0, 0
, , , , 11-10-2023 12:45:25.490 PM, 1, 2, 2, 0, 0, 2, 0, 0, 0.5, -8, 207.1887, 0, -5.518, -10.473, 0, 0, 0, 0, 0, 0, 0
, , , , 11-10-2023 12:45:25.530 PM, 1, 2, 2, 0, 0, 2, 0, 0, 0.5, -8, 208.077, 0, -5.518, -10.473, 0, 0, 0, 0, 0, 0, 0
, , , , 11-10-2023 12:45:25.568 PM, 1, 2, 2, 0, 0, 2, 0, 0, 0.5, -8, 208.9329, 0, -5.518, -10.473, 0, 0, 0, 0, 0, 0, 0
, , , , 11-10-2023 12:45:25.605 PM, 1, 2, 2, 0, 0, 2, 0, 0, 0.5, -8, 209.7398, 0, -5.518, -10.473, 0, 0, 0, 0, 0, 0, 0
, , , , 11-10-2023 12:45:25.642 PM, 1, 2, 2, 0, 0, 2, 0, 0, 0.5, -8, 210.5739, 0, -5.518, -10.473, 0, 0, 0, 0, 0, 0, 0
, , , , 11-10-2023 12:45:25.678 PM, 1, 2, 2, 0, 0, 2, 0, 0, 0.5, -8, 211.4009, 0, -5.518, -10.473, 0, 0, 0, 0, 0, 0, 0
, , , , 11-10-2023 12:45:25.714 PM, 1, 2, 2, 0, 0, 2, 0, 0, 0.5, -8, 212.198, 0, -5.518, -10.473, 0, 0, 0, 0, 0, 0, 0
, , , , 11-10-2023 12:45:25.750 PM, 1, 2, 2, 0, 0, 2, 0, 0, 0.5, -8, 213.0123, 0, -5.518, -10.473, 0, 0, 0, 0, 0, 0, 0
, , , , 11-10-2023 12:45:25.783 PM, 1, 2, 2, 0, 0, 2, 0, 0, 0.5, -8, 213.7618, 0, -5.518, -10.473, 0, 0, 0, 0, 0, 0, 0
, , , , 11-10-2023 12:45:25.822 PM, 1, 2, 2, 0, 0, 2, 0, 0, 0.5, -8, 214.6416, 0, -5.518, -10.473, 0, 0, 0, 0, 0, 0, 0
, , , , 11-10-2023 12:45:25.858 PM, 1, 2, 2, 0, 0, 2, 0, 0, 0.5, -8, 215.4467, 0, -5.518, -10.473, 0, 0, 0, 0, 0, 0, 0
, , , , 11-10-2023 12:45:25.894 PM, 1, 2, 2, 0, 0, 2, 0, 0, 0.5, -8, 216.2597, 0, -5.518, -10.473, 0, 0, 0, 0, 0, 0, 0
, , , , 11-10-2023 12:45:25.928 PM, 1, 2, 2, 0, 0, 2, 0, 0, 0.5, -8, 217.0283, 0, -5.518, -10.473, 0, 0, 0, 0, 0, 0, 0
, , , , 11-10-2023 12:45:25.965 PM, 1, 2, 2, 0, 0, 2, 0, 0, 0.5, -8, 217.8631, 0, -5.518, -10.473, 0, 0, 0, 0, 0, 0, 0
, , , , 11-10-2023 12:45:26.000 PM, 1, 2, 2, 0, 0, 2, 0, 0, 0.5, -8, 218.6466, 0, -5.518, -10.473, 0, 0, 0, 0, 0, 0, 0
, , , , 11-10-2023 12:45:26.034 PM, 1, 2, 2, 0, 0, 2, 0, 0, 0.5, -8, 219.4124, 0, -5.518, -10.473, 0, 0, 0, 0, 0, 0, 0
, , , , 11-10-2023 12:45:26.068 PM, 1, 2, 2, 0, 0, 2, 0, 0, 0.5, -8, 220.178, 0, -5.518, -10.473, 0, 0, 0, 0, 0, 0, 0
, , , , 11-10-2023 12:45:26.106 PM, 1, 2, 2, 0, 0, 2, 0, 0, 0.5, -8, 221.032, 0, -5.518, -10.473, 0, 0, 0, 0, 0, 0, 0
, , , , 11-10-2023 12:45:26.140 PM, 1, 2, 2, 0, 0, 2, 0, 0, 0.5, -8, 221.7834, 0, -5.518, -10.473, 0, 0, 0, 0, 0, 0, 0
, , , , 11-10-2023 12:45:26.177 PM, 1, 2, 2, 0, 0, 2, 0, 0, 0.5, -8, 222.6364, 0, -5.518, -10.473, 0, 0, 0, 0, 0, 0, 0
, , , , 11-10-2023 12:45:26.211 PM, 1, 2, 2, 0, 0, 2, 0, 0, 0.5, -8, 223.4002, 0, -5.518, -10.473, 0, 0, 0, 0, 0, 0, 0
, , , , 11-10-2023 12:45:26.249 PM, 1, 2, 2, 0, 0, 2, 0, 0, 0.5, -8, 224.2528, 0, -5.518, -10.473, 0, 0, 0, 0, 0, 0, 0
, , , , 11-10-2023 12:45:26.283 PM, 1, 2, 2, 0, 0, 2, 0, 0, 0.5, -8, 225.0153, 0, -5.518, -10.473, 0, 0, 0, 0, 0, 0, 0
